LO_COMPTEUR,Nom,Département,Pays
440456,"03 ALLIER",FO,1
440455,"03 ALLIER",FO,1
196216,AANOUT,LB,48
313668,AANOUT,LB,48
68506,"ABANCOURT (hameau)",60,1
68507,"ABANCOURT (hameau)",60,1
78969,"ABIME (PONT DE L')",73,1
78970,"ABIME (PONT DE L')",73,1
66952,ABON,58,1
66953,ABON,58,1
66954,ABON,58,1
130760,ABSTATTEN,AT,3
183991,ABSTATTEN,AT,3
104290,AFFLIGEM,BE,4
442570,AFFLIGEM,BE,4
117027,AGER,ES,6
117028,AGER,ES,6
35051,"AGNELIERS (LES)",04,1
104166,"AGNELIERS (LES)",04,1
35325,"AIGLE (REFUGE DE L')",05,1
35324,"AIGLE (REFUGE DE L')",05,1
82068,AIGREMONT,78,1
82069,AIGREMONT,78,1
121533,AIGUES,ES,6
420234,AIGUES,ES,6
96535,"ALCOOL ->",THE,86
96536,"ALCOOL ->",THE,86
96537,"ALCOOL ->",THE,86
96538,"ALCOOL ->",THE,86
96539,"ALIMENTATION ->",THE,86
96541,"ALIMENTATION ->",THE,86
96543,"ALIMENTATION ->",THE,86
96540,"ALIMENTATION ->",THE,86
96542,"ALIMENTATION ->",THE,86
32409,ALLEMENT,01,1
101024,ALLEMENT,01,1
91396,"ALLUES (LES)",73,1
96766,"ALLUES (les)",73,1
32412,"ALLYMES (DES)",01,1
32411,"ALLYMES (DES)",01,1
117054,"ALOS DE BALAGUER",ES,6
117055,"ALOS DE BALAGUER",ES,6
88777,"ALOUETTES (DES)",92,1
88778,"ALOUETTES (DES)",92,1
74274,ALTDORF,67,1
74275,ALTDORF,67,1
90284,ALVERINGEM,BE,4
102468,ALVERINGEM,BE,4
31727,AMAGNE,08,1
31726,AMAGNE,08,1
76499,AMANCE,70,1
76500,AMANCE,70,1
37962,"AMAREE (MAS DE L')",13,1
114539,"AMAREE (MAS DE L')",13,1
114540,"AMAREE (MAS DE L')",13,1
100150,AMBLEVE,BE,4
106433,AMBLEVE,BE,4
78220,"AMENON (D')",72,1
78221,"AMENON (D')",72,1
38200,AMMEVILLE,14,1
443189,AMMEVILLE,14,1
78222,"AMMON (D')",72,1
78223,"AMMON (D')",72,1
90287,ANDENNE,BE,4
107714,ANDENNE,BE,4
99775,"ANGE GARDIEN (L)",CA,27
99857,"ANGE GARDIEN (L)",CA,27
58868,ANGLARS,46,1
58866,ANGLARS,46,1
90293,"ANNEVOIE ROUILLON",BE,4
91079,"ANNEVOIE ROUILLON",BE,4
131118,APFELBERG,AT,3
131119,APFELBERG,AT,3
82079,"APREMONT (hameau)",78,1
82080,"APREMONT (hameau)",78,1
72794,ARBONNE,64,1
96683,ARBONNE,64,1
72797,ARCANGUES,64,1
72798,ARCANGUES,64,1
87237,"ARCHAMBAULT (D')",89,1
87238,"ARCHAMBAULT (D')",89,1
60048,ARDANNES,49,1
60046,ARDANNES,49,1
60045,ARDANNES,49,1
69573,ARGENTELLES,61,1
69574,ARGENTELLES,61,1
66973,ARGOULAIS,58,1
66974,ARGOULAIS,58,1
80045,ARGUEIL,76,1
80046,ARGUEIL,76,1
49472,ARGUENOS,31,1
442090,ARGUENOS,31,1
75560,ARNAS,69,1
75561,ARNAS,69,1
69576,"ARRONDEAU (D')",61,1
69577,"ARRONDEAU (D')",61,1
87244,"ARTHÃÂ (D')",89,1
87245,"ARTHÃÂ (D')",89,1
56983,ARTIAS,43,1
56982,ARTIAS,43,1
94015,ASIAGO,IT,10
100222,ASIAGO,IT,10
59741,ASINIERES,48,1
439434,ASINIERES,48,1
41868,ASPRETO,2A,1
41867,ASPRETO,2A,1
73444,ASTE,65,1
107866,ASTE,65,1
91534,AUBEL,BE,4
442686,AUBEL,BE,4
60054,AUBERDIERE,49,1
60053,AUBERDIERE,49,1
43191,AUBIERS,22,1
43190,AUBIERS,22,1
83270,AUBIGNY,80,1
91329,AUBIGNY,80,1
60931,AUDERVILLE,50,1
442288,AUDERVILLE,50,1
94567,AUGSBURG,DE,2
94583,AUGSBURG,DE,2
69585,AUGUAISE,61,1
69586,AUGUAISE,61,1
47723,"AULNAY (D')",28,1
47722,"AULNAY (D')",28,1
69590,AUTHEUIL,61,1
69591,AUTHEUIL,61,1
65895,AVANCY,57,1
65896,AVANCY,57,1
32443,"AVANEINS (CHALET DES)",01,1
32442,"AVANEINS (CHALET DES)",01,1
91415,AVATORU,987,1
97955,AVATORU,987,1
34467,"AVRILLY (D')",03,1
34466,"AVRILLY (D')",03,1
103998,"BA LUA",VN,223
104057,"BA LUA",VN,223
97570,"BAD PFAFERS",CH,16
442717,"BAD PFAFERS",CH,16
86008,"BAGNAC (DE)",87,1
86009,"BAGNAC (DE)",87,1
73461,"BAGNERES DE BIGORRE (hameau)",65,1
73462,"BAGNERES DE BIGORRE (hameau)",65,1
64615,BALASTIÃÂ©RE,55,1
64616,BALASTIÃÂ©RE,55,1
97911,"BALME (col de)",74,1
106157,"BALME (col de)",74,1
74291,"BAN DE LA ROCHE (commune)",67,1
74292,"BAN DE LA ROCHE (commune)",67,1
74293,"BAN DE LA ROCHE (commune)",67,1
106145,"BANGE (de)",74,1
79604,"BANGE (DE)",74,1
71841,"BARAQUE (LA)",63,1
98050,"BARAQUE (LA)",63,1
45987,"BARAQUES (hameau)",26,1
45986,"BARAQUES (hameau)",26,1
35339,"BARAQUES (LES)",05,1
35338,"BARAQUES (LES)",05,1
85155,BARBATRE,85,1
90123,BARBATRE,85,1
58043,BARDIN,45,1
58042,BARDIN,45,1
74294,BAREMBACH,67,1
74295,BAREMBACH,67,1
73474,"BAROUSSE (vallÃÂ©e de la)",65,1
73475,"BAROUSSE (vallÃÂ©e de la)",65,1
96040,BARQUISIMETO,VE,73
98493,BARQUISIMETO,VE,73
34474,"BARRE (DE LA)",03,1
101111,"BARRE (DE LA)",03,1
47743,"BARRE (DE LA)",28,1
47742,"BARRE (DE LA)",28,1
34475,"BARRIERE (DE)",03,1
101092,"BARRIERE (DE)",03,1
86415,"BASSE SUR LE RUPT",88,1
102361,"BASSE SUR LE RUPT",88,1
66997,BASSEVILLE,58,1
66998,BASSEVILLE,58,1
56436,BASTIDE,42,1
56435,BASTIDE,42,1
65917,"BATHELÃÂMONT (DE)",57,1
65918,"BATHELÃÂMONT (DE)",57,1
53022,BAUDRY,37,1
53023,BAUDRY,37,1
442055,"BAUGE EN ANJOU",49,1
442056,"BAUGE EN ANJOU",49,1
442054,"BAUGE EN ANJOU",49,1
41884,BAVELLA,2A,1
41883,BAVELLA,2A,1
67003,BAYE,58,1
67004,BAYE,58,1
46614,BAZOQUES,27,1
46613,BAZOQUES,27,1
46617,BEAUCHENE,27,1
46616,BEAUCHENE,27,1
73490,BEAUDEAN,65,1
107868,BEAUDEAN,65,1
76554,BEAUDOIN,70,1
76555,BEAUDOIN,70,1
69617,BEAUFOSSÃÂ,61,1
69618,BEAUFOSSÃÂ,61,1
60072,BEAULIEU,49,1
60073,BEAULIEU,49,1
36325,"BEAULIEU (DE)",10,1
36324,"BEAULIEU (DE)",10,1
50688,"BEAUMONT ",33,1
50687,BEAUMONT,33,1
75594,BEAUMONT,69,1
75595,BEAUMONT,69,1
34482,"BEAUMONT (DE)",03,1
34481,"BEAUMONT (DE)",03,1
82106,BEAUPLAN,78,1
82107,BEAUPLAN,78,1
55753,BEAUREGARD,41,1
55752,BEAUREGARD,41,1
58064,BEAUREGARD,45,1
58063,BEAUREGARD,45,1
60077,BEAUREGARD,49,1
60076,BEAUREGARD,49,1
33235,"BEAUREGARD (DE)",02,1
33234,"BEAUREGARD (DE)",02,1
53737,"BEAUREGARD (DE)",38,1
53736,"BEAUREGARD (DE)",38,1
54775,"BEAUREGARD (DE)",39,1
54774,"BEAUREGARD (DE)",39,1
81174,"BEAUREGARD (DE)",77,1
81175,"BEAUREGARD (DE)",77,1
69623,BEAUSÃÂJOUR,61,1
69624,BEAUSÃÂJOUR,61,1
44102,BEAUVAIS,23,1
44101,BEAUVAIS,23,1
53037,BEAUVAIS,37,1
53036,BEAUVAIS,37,1
38267,BEAUVOIR,14,1
38268,BEAUVOIR,14,1
58069,BEAUVOIR,45,1
58068,BEAUVOIR,45,1
34488,"BEAUVOIR (DE)",03,1
34487,"BEAUVOIR (DE)",03,1
34486,"BEAUVOIR (DE)",03,1
47755,"BEAUVOIR (DE)",28,1
47754,"BEAUVOIR (DE)",28,1
64637,BEHONNE,55,1
64638,BEHONNE,55,1
163624,BEJAAD,MA,91
442895,BEJAAD,MA,91
370854,BEJAIA,DZ,77
443385,BEJAIA,DZ,77
31787,"BEL AIR",08,1
31786,"BEL AIR",08,1
31785,"BEL AIR",08,1
60085,"BEL AIR",49,1
60084,"BEL AIR",49,1
61748,"BEL AIR",51,1
61747,"BEL AIR",51,1
75598,"BEL AIR",69,1
75599,"BEL AIR",69,1
40990,"BEL AIR (DE)",18,1
40989,"BEL AIR (DE)",18,1
43208,"BEL AIR (hameau)",22,1
43207,"BEL AIR (hameau)",22,1
58895,BELCASTEL,46,1
58894,BELCASTEL,46,1
44573,"BELCAYRE (DE)",24,1
44572,"BELCAYRE (DE)",24,1
94042,BELLAGIO,IT,10
100243,BELLAGIO,IT,10
67015,BELLARY,58,1
67016,BELLARY,58,1
93049,BELLEGARDE,CH,16
442742,BELLEGARDE,CH,16
65927,"BELLES FORETS",57,1
65928,"BELLES FORETS",57,1
65929,"BELLES FORETS",57,1
439452,"BELLEVIGNE EN LAYON (nouvelle commune)",49,1
440511,"BELLEVIGNE EN LAYON (nouvelle commune)",49,1
440506,"BELLEVIGNE EN LAYON (nouvelle commune)",49,1
61749,BELLEVUE,51,1
441981,BELLEVUE,51,1
69634,BELLEVUE,61,1
69635,BELLEVUE,61,1
69636,BELLEVUE,61,1
71862,BELLEVUE,63,1
71863,BELLEVUE,63,1
34497,"BELLEVUE (DE)",03,1
34496,"BELLEVUE (DE)",03,1
34495,"BELLEVUE (DE)",03,1
39913,"BELLEVUE (DE)",16,1
39912,"BELLEVUE (DE)",16,1
68590,"BELLEVUE (DE)",60,1
68591,"BELLEVUE (DE)",60,1
80113,"BELLEVUE (DE)",76,1
80114,"BELLEVUE (DE)",76,1
60097,BELLIERE,49,1
60096,BELLIERE,49,1
68592,BELLOY,60,1
68593,BELLOY,60,1
67018,BELOUSE,58,1
67019,BELOUSE,58,1
86435,BELVAL,88,1
86436,BELVAL,88,1
50705,"BENAUGE (DE)",33,1
50704,"BENAUGE (DE)",33,1
78268,"BENEHART (DE)",72,1
78269,"BENEHART (DE)",72,1
78270,"BENEHART (DE)",72,1
64645,"BENOITE VAUX",55,1
64646,"BENOITE VAUX",55,1
80122,BERANDIERES,76,1
80123,BERANDIERES,76,1
57011,BERBEZIT,43,1
57010,BERBEZIT,43,1
42438,"BERCHERE (DE LA) ",21,1
42437,"BERCHERE (DE LA)",21,1
34500,"BERGERIE (DE LA)",03,1
34499,"BERGERIE (DE LA)",03,1
60964,"BERNAVILLE (DE)",50,1
60963,"BERNAVILLE (DE)",50,1
53754,BERNIN,38,1
53755,BERNIN,38,1
83328,"BERNY SUR NOYE",80,1
96744,"BERNY SUR NOYE",80,1
65943,BERTRANGE,57,1
65944,BERTRANGE,57,1
65945,BERTRANGE,57,1
80129,BERTREVILLE,76,1
80130,BERTREVILLE,76,1
53044,"BESNAULT (hameau)",37,1
53043,"BESNAULT (hameau)",37,1
60100,BESNERIE,49,1
60099,BESNERIE,49,1
70778,BETHUNE,62,1
70779,BETHUNE,62,1
63849,BETTAINVILLERS,54,1
63850,BETTAINVILLERS,54,1
65949,BETTANGE,57,1
65950,BETTANGE,57,1
65951,BETTANGE,57,1
65955,BETTINGEN,57,1
100706,BETTINGEN,57,1
83338,BEUVRAIGNES,80,1
83339,BEUVRAIGNES,80,1
60970,"BEUZEVILLE LA BASTILLE",50,1
60969,"BEUZEVILLE LA BASTILLE",50,1
58085,BEZARDS,45,1
58084,BEZARDS,45,1
59761,BIASSES,48,1
442392,BIASSES,48,1
79613,BIONNASSAY,74,1
97914,BIONNASSAY,74,1
72898,BIRIATOU,64,1
72899,BIRIATOU,64,1
442236,BISANNE,73,1
442237,BISANNE,73,1
96915,Bischweier,68,1
96916,BISCHWEIER,68,1
62664,"BISE L'ASSAUT",52,1
62665,"BISE L'ASSAUT",52,1
69653,BLAVOU,61,1
69654,BLAVOU,61,1
38305,BLOCQUEVILLE,14,1
38304,BLOCQUEVILLE,14,1
79619,BLUFFY,74,1
443547,BLUFFY,74,1
44111,BODEAU,23,1
44112,BODEAU,23,1
57472,BOGDELIN,44,1
57471,BOGDELIN,44,1
96528,"BOIS ->",THE,86
96529,"BOIS ->",THE,86
43229,"BOIS BRAS",22,1
43228,"BOIS BRAS",22,1
52009,"BOIS CORNILLE",35,1
99194,"BOIS CORNILLE",35,1
65408,"BOIS DE LA ROCHE (DU)",56,1
65409,"BOIS DE LA ROCHE (DU)",56,1
43235,"BOIS DE LA SALLE",22,1
43234,"BOIS DE LA SALLE",22,1
69664,"BOIS DU MAINE",61,1
69665,"BOIS DU MAINE",61,1
46660,"BOIS GIROULT",27,1
46659,"BOIS GIROULT",27,1
95885,"BOIS LE DUC",NL,13
107864,"BOIS LE DUC",NL,13
57480,"BOIS ROUAUD",44,1
57479,"BOIS ROUAUD",44,1
75625,BOISFRANC,69,1
75626,BOISFRANC,69,1
46673,BOISPREAUX,27,1
46672,BOISPREAUX,27,1
56462,"BOISY (DE)",42,1
56461,"BOISY (DE)",42,1
90371,BOITSFORT,BE,4
443408,BOITSFORT,BE,4
62677,BOLOGNE,52,1
62678,BOLOGNE,52,1
32491,BOLOZON,01,1
100984,"BOLOZON ",01,1
440490,BOLOZON,01,1
44116,"BONLIEU (hameau)",23,1
44115,"BONLIEU (hameau)",23,1
106661,BONNAL,LU,11
442448,BONNAL,LU,11
79625,BONNEVAUX,74,1
441819,BONNEVAUX,74,1
46684,BONNEVILLE,27,1
46683,BONNEVILLE,27,1
441821,"BONNEVILLE AYZE",74,1
441930,"BONNEVILLE AYZE",74,1
65415,"BONO (LE)",56,1
65416,"BONO (LE)",56,1
106503,"BONS VILLERS (LES)",BE,4
107901,"BONS VILLERS (LES)",BE,4
90377,BOOM,BE,4
107779,BOOM,BE,4
50730,BORDEAUX,33,1
440638,BORDEAUX,33,1
41011,BORDES,18,1
41010,BORDES,18,1
53056,BORDES,37,1
53055,BORDES,37,1
67042,BORDES,58,1
67043,BORDES,58,1
87322,"BORDES (LES)",89,1
87323,"BORDES (LES)",89,1
86028,"BORT (DE)",87,1
86029,"BORT (DE)",87,1
59340,BOSCLA,47,1
59339,BOSCLA,47,1
80196,"BOSCOL (DU)",76,1
80197,"BOSCOL (DU)",76,1
443390,BOSROUMOIS,27,1
443391,BOSROUMOIS,27,1
96675,"BOU DENIB",MA,91
89605,"BOU DENIB",MA,91
68640,BOUBIERS,60,1
442149,BOUBIERS,60,1
60125,BOUCHET,49,1
60124,BOUCHET,49,1
63876,"BOUDOUZE (LA)",54,1
63877,"BOUDOUZE (LA)",54,1
38333,BOUGY,14,1
38334,BOUGY,14,1
67047,BOUHY,58,1
67048,BOUHY,58,1
68645,"BOULAINES (DE)",60,1
68644,"BOULAINES (DE)",60,1
79040,BOURDEAU,73,1
79041,BOURDEAU,73,1
79042,BOURDEAU,73,1
63350,"BOURGON (DE)",53,1
63351,"BOURGON (DE)",53,1
61792,BOURSAULT,51,1
61791,BOURSAULT,51,1
53073,BOUSSAY,37,1
53072,BOUSSAY,37,1
90384,BOUSSU,BE,4
107882,BOUSSU,BE,4
61797,BOUY,51,1
61796,BOUY,51,1
80217,BRACQUEMONT,76,1
100813,BRACQUEMONT,76,1
86470,"BRANCOURT (hameau)",88,1
86471,"BRANCOURT (hameau)",88,1
93091,BRASSUS,CH,16
442743,BRASSUS,CH,16
81230,BREAU,77,1
81231,BREAU,77,1
82159,"BREAU SANS NAPPE",78,1
96654,"BREAU SANS NAPPE",78,1
38346,"BRECHE (DE LA)",14,1
38345,"BRECHE (DE LA)",14,1
43255,"BREHEC (hameau)",22,1
43254,"BREHEC (hameau)",22,1
46730,BREMIEN,27,1
46729,BREMIEN,27,1
48404,BREST,29,1
440484,BREST,29,1
93096,BRETAYE,CH,16
106542,BRETAYE,CH,16
60999,"BRETONNIERE (DE LA)",50,1
60998,"BRETONNIERE (DE LA)",50,1
53086,BREUIL,37,1
53085,BREUIL,37,1
53084,BREUIL,37,1
47821,"BREUIL (DU)",28,1
47820,"BREUIL (DU)",28,1
86477,"BREUIL (hameau)",88,1
86478,"BREUIL (hameau)",88,1
74345,BREUSCHTAL,67,1
74346,BREUSCHTAL,67,1
60151,BRIANCON,49,1
60150,BRIANCON,49,1
52038,"BRIAND ",35,1
52037,BRIAND,35,1
53088,BRICHE,37,1
53087,BRICHE,37,1
44618,"BRIDOIRE (DE)",24,1
44617,"BRIDOIRE (DE)",24,1
44616,"BRIDOIRE (DE)",24,1
38367,"BRIE (DE)",14,1
38366,"BRIE (DE)",14,1
108357,"BRIGNANO FRASCATA",IT,10
145589,"BRIGNANO FRASCATA",IT,10
60158,BRISSAC,49,1
60159,BRISSAC,49,1
440504,"BRISSAC LOIRE AUBANCE",49,1
440503,"BRISSAC LOIRE AUBANCE",49,1
58136,BROCHARD,45,1
58135,BROCHARD,45,1
71916,"BROMONT LAMOTHE",63,1
71917,"BROMONT LAMOTHE",63,1
66013,BRONVAUX,57,1
442100,BRONVAUX,57,1
52638,BROSSE,36,1
52637,BROSSE,36,1
41028,"BROSSE (DE LA)",18,1
41027,"BROSSE (DE LA)",18,1
41026,"BROSSE (DE LA)",18,1
81238,"BROSSE (DE LA)",77,1
81239,"BROSSE (DE LA)",77,1
81240,"BROSSE (DE LA)",77,1
53809,"BROTEL (DE)",38,1
53808,"BROTEL (DE)",38,1
53094,BROU,37,1
53093,BROU,37,1
50751,BROWN,33,1
50750,BROWN,33,1
106688,BRUCH,LU,11
106690,BRUCH,LU,11
107775,"BRUXELLES (agglomeration)",BE,4
107752,"BRUXELLES (agglomeration)",BE,4
75659,BRUYERES,69,1
75660,BRUYERES,69,1
33339,"BRUYERES (LES)",02,1
33338,"BRUYERES (LES)",02,1
65424,BUBRY,56,1
107352,BUBRY,56,1
85217,"BUCHIGNON (DE)",85,1
85218,"BUCHIGNON (DE)",85,1
66020,BUCHY,57,1
66021,BUCHY,57,1
74354,BUHL,67,1
74355,BUHL,67,1
58147,BUISSON,45,1
58146,BUISSON,45,1
58145,BUISSON,45,1
58144,BUISSON,45,1
34535,"BUISSON (DU)",03,1
101039,"BUISSON (DU)",03,1
70862,"BULLY GRENAY",62,1
70863,"BULLY GRENAY",62,1
106664,BUR,LU,11
106670,BUR,LU,11
89100,"BUSAGNY ",95,1
89101,"BUSAGNY ",95,1
44138,"BUSSEAU (hameau)",23,1
44137,"BUSSEAU (HAMEAU)",23,1
61818,BUSSEMONT,51,1
61817,BUSSEMONT,51,1
75669,BUSSIÃÂ©RE,69,1
75670,BUSSIÃÂ©RE,69,1
47834,"BUSSIERE (DE LA)",28,1
47833,"BUSSIERE (DE LA)",28,1
45387,BUSY,25,1
442364,BUSY,25,1
84152,CABANES,81,1
443564,CABANES,81,1
87355,CADOUX,89,1
87356,CADOUX,89,1
80245,CAILLY,76,1
440518,CAILLY,76,1
367263,CALAJ,AL,97
367264,CALAJ,AL,97
80187,CALLENGEVILLE,76,1
80246,CALLENGEVILLE,76,1
59359,CALONGES,47,1
59358,CALONGES,47,1
61824,"CAMP D'ATTILA",51,1
61823,"CAMP D'ATTILA",51,1
44632,"CAMPAGNAC (DE)",24,1
44631,"CAMPAGNAC (DE)",24,1
44636,"CAMPAGNE (DE)",24,1
44635,"CAMPAGNE (DE)",24,1
41917,"CAMPO VECCHIO",2B,1
41916,"CAMPO VECCHIO",2B,1
53104,CANGE,37,1
53103,CANGE,37,1
71933,CANIERE,63,1
71934,CANIERE,63,1
80260,CANY,76,1
80261,CANY,76,1
68694,"CAPPY (DE)",60,1
68695,"CAPPY (DE)",60,1
64711,CAPUCINS,55,1
64712,CAPUCINS,55,1
96612,CARMES,30,1
442424,CARMES,30,1
89103,CARNELLE,95,1
443257,CARNELLE,95,1
443258,CARNELLE,95,1
63361,"CARRIERE (DE LA)",53,1
63362,"CARRIERE (DE LA)",53,1
58947,CAVAGNAC,46,1
58946,CAVAGNAC,46,1
67077,CAVE,58,1
67076,CAVE,58,1
67078,CAVE,58,1
83425,"CAYEUX SUR MER",80,1
83426,"CAYEUX SUR MER ",80,1
59786,CAZE,48,1
59785,CAZE,48,1
53178,CÃÂ¯TE,37,1
53177,CÃÂ¯TE,37,1
35364,CEILLAC,05,1
443551,CEILLAC,05,1
367281,CELAJ,AL,97
367282,CELAJ,AL,97
79062,CENTRON,73,1
79063,CENTRON,73,1
74008,"CERDAGNE (hameau la)",66,1
74009,"CERDAGNE (hameau la)",66,1
42509,"CESSEY (DE)",21,1
42508,"CESSEY (DE)",21,1
35368,"CEZANNE (REFUGE)",05,1
35367,"CEZANNE (REFUGE)",05,1
52652,CHABENET,36,1
52651,CHABENET,36,1
93132,CHABLES,CH,16
106425,CHABLES,CH,16
85640,"CHAISE (DE LA)",86,1
85641,"CHAISE (DE LA)",86,1
67089,CHALAUX,58,1
67090,CHALAUX,58,1
71961,CHAMBON,63,1
71962,CHAMBON,63,1
34552,"CHAMBORD (DE)",03,1
34551,"CHAMBORD (DE)",03,1
34550,"CHAMBORD (DE)",03,1
79071,"CHAMBOTTE (LA)",73,1
79072,"CHAMBOTTE (LA)",73,1
60192,CHAMBOUREAU,49,1
60191,CHAMBOUREAU,49,1
46789,"CHAMBRAY (château)",27,1
46788,"CHAMBRAY (château)",27,1
63887,CHAMPENOUX,54,1
63922,CHAMPENOUX,54,1
58176,CHAMPOULET,45,1
58175,CHAMPOULET,45,1
56501,CHANDON,42,1
56495,CHANDON,42,1
32547,CHANES,01,1
32548,CHANES,01,1
58179,CHANGY,45,1
58178,CHANGY,45,1
55824,CHANTELOUP,41,1
442336,CHANTELOUP,41,1
67109,CHANTELOUP,58,1
67110,CHANTELOUP,58,1
75697,CHANTEMERLE,69,1
75698,CHANTEMERLE,69,1
443085,CHANTEMERLE,69,1
79082,"CHANTEMERLE (RUINES DE)",73,1
79083,"CHANTEMERLE (RUINES DE)",73,1
57531,"CHANTENAY (hameau)",44,1
57530,"CHANTENAY (hameau)",44,1
69766,CHANTEPIE,61,1
69767,CHANTEPIE,61,1
64723,CHANTERAINE,55,1
441879,CHANTERAINE,55,1
86505,CHANTRAINE,88,1
86504,CHANTRAINE,88,1
60207,CHANZELLES,49,1
60206,CHANZELLES,49,1
87388,"CHAPEAU (LE)",89,1
87389,"CHAPEAU (LE)",89,1
87395,"CHAPELLES (DES)",89,1
87396,"CHAPELLES (DES)",89,1
41055,"CHAPONNIERE (DE LA)",18,1
41054,"CHAPONNIERE (DE LA)",18,1
75707,CHARBONNIERES,69,1
75708,CHARBONNIéRES,69,1
86510,"CHARBONNIERES (hameau)",88,1
86511,"CHARBONNIERES (hameau)",88,1
33402,CHARMES,02,1
33401,CHARMES,02,1
57075,"CHASSAGNON ",43,1
57074,CHASSAGNON,43,1
57545,CHATAIGNERAIE,44,1
57544,CHATAIGNERAIE,44,1
82197,CHATAIGNERAIE,78,1
82198,CHATAIGNERAIE,78,1
82199,"CHATAIGNERAIE ",78,1
31857,"CHATEAU REGNAULT",08,1
31856,"CHATEAU REGNAULT",08,1
46080,CHATEAUDOUBLE,26,1
46079,CHATEAUDOUBLE,26,1
67127,CHATEAUVERT,58,1
67128,CHATEAUVERT,58,1
32563,CHATELARD,01,1
32562,CHATELARD,01,1
79664,CHATELARD,74,1
79665,CHATELARD,74,1
53864,"CHATELARD (DU)",38,1
53863,"CHATELARD (DU)",38,1
39982,"CHATELARD (LE)",16,1
39981,"CHATELARD (LE)",16,1
52089,CHATELLIER,35,1
52088,CHATELLIER,35,1
67130,CHATILLON,58,1
67131,CHATILLON,58,1
79100,CHATILLON,73,1
100915,CHATILLON,73,1
64731,CHATTANCOURT,55,1
64732,CHATTANCOURT,55,1
67140,CHAUMEÃÂ§ON,58,1
67141,CHAUMEÃÂ§ON,58,1
33417,CHAUNY,02,1
441874,CHAUNY,02,1
67145,CHAUSSADE,58,1
67146,CHAUSSADE,58,1
97815,"CHEMIN DES DAMES",02,1
97817,"CHEMIN DES DAMES",02,1
97820,"CHEMIN DES DAMES",02,1
97821,"CHEMIN DES DAMES",02,1
43307,"CHENE VERT (hameau)",22,1
43306,"CHENE VERT (HAMEAU)",22,1
101093,CHERMONT,03,1
101175,CHERMONT,03,1
93155,CHESIERES,CH,16
106540,CHESIERES,CH,16
52102,CHESNAIE,35,1
52101,CHESNAIE,35,1
79679,CHEVRIER,74,1
443358,CHEVRIER,74,1
44185,CHEZOTTE,23,1
44184,CHEZOTTE,23,1
32588,CHILOU,01,1
100995,CHILOU,01,1
90569,CHIMAY,BE,4
102474,CHIMAY,BE,4
94168,CHIOGGIA,IT,10
99407,CHIOGGIA,IT,10
59811,CHIRAC,48,1
59810,CHIRAC,48,1
67161,CHITRY,58,1
442380,CHITRY,58,1
62760,CHOIGNES,52,1
62761,CHOIGNES,52,1
58954,CIEURAC,46,1
58953,CIEURAC,46,1
367335,CIKALLESH,AL,97
367336,CIKALLESH,AL,97
69801,CLAIRETS,61,1
69802,CLAIRETS,61,1
35395,"CLAUX (LES)",05,1
35394,"CLAUX (LES)",05,1
102415,"CLERMONT DESSUS",47,1
442371,"CLERMONT DESSUS",47,1
86547,"CLEURIE (hameau)",88,1
86548,"CLEURIE (hameau)",88,1
74369,CLIMONT,67,1
74370,CLIMONT,67,1
74371,"CLIMONT (TOUR DE)",67,1
74372,"CLIMONT (TOUR DE)",67,1
74373,"CLIMONT (TOUR DE)",67,1
32596,"CLUSE (LA)",01,1
443327,"CLUSE (LA)",01,1
46827,COCHEREL,27,1
46826,COCHEREL,27,1
86550,"COICHOT (hameau)",88,1
86551,"COICHOT (hameau)",88,1
97827,"COL DE PORT",09,1
97828,"COL DE PORT",09,1
97830,"COL DE PORT",09,1
97829,"COL DE PORT",09,1
87453,"COLBERT (DE)",89,1
87454,"COLBERT (DE)",89,1
106464,COLFONTAINE,BE,4
107794,COLFONTAINE,BE,4
61902,COLIGNY,51,1
114570,COLIGNY,51,1
75762,COLLONGE,69,1
75763,COLLONGE,69,1
66069,COLOMBEY,57,1
66070,COLOMBEY,57,1
100973,COLOMBIER,01,1
100928,COLOMBIER,01,1
75766,COLOMBIER,69,1
75767,COLOMBIER,69,1
75768,COLOMBIER,69,1
75769,COLOMBIER,69,1
75770,COLOMBIER,69,1
53910,"COLOMBIER (DU)",38,1
53909,"COLOMBIER (DU)",38,1
87458,"COLOMBIER (DU)",89,1
87459,"COLOMBIER (DU)",89,1
81344,"COLOMBIERE (DE LA)",77,1
81345,"COLOMBIERE (DE LA)",77,1
443109,"COLOMBY ANGUERNY",14,1
443105,"COLOMBY ANGUERNY",14,1
75772,COMBE,69,1
75773,COMBE,69,1
86082,"COMBES (DES)",87,1
86083,"COMBES (DES)",87,1
86084,"COMBES (DES)",87,1
56540,"COMMANDERIE (DE LA)",42,1
56539,"COMMANDERIE (DE LA)",42,1
68740,"COMMELLE (DE)",60,1
68741,"COMMELLE (DE)",60,1
34604,COMMENTRY,03,1
101163,COMMENTRY,03,1
87463,COMMISSEY,89,1
87464,COMMISSEY,89,1
68745,"COMPIEGNE (hameau de)",60,1
68746,"COMPIEGNE (hameau de)",60,1
68747,"COMPIEGNE (hameau de)",60,1
68748,"COMPIEGNE (hameau de)",60,1
68749,"COMPIEGNE (hameau de)",60,1
33473,"CONDE SUR AISNE",02,1
33472,"CONDE SUR AISNE",02,1
46120,CONDORCET,26,1
46119,CONDORCET,26,1
33477,"CONFRÃÂCOURT (DE)",02,1
33476,"CONFRÃÂCOURT (DE)",02,1
33479,CONNIGIS,02,1
33478,CONNIGIS,02,1
56543,"CONTENSON (DE)",42,1
56542,"CONTENSON (DE)",42,1
41974,CORBARA,2B,1
41973,CORBARA,2B,1
52121,CORBINIERES,35,1
52120,CORBINIERES,35,1
72050,CORDES,63,1
72051,CORDES,63,1
60273,"CORNICHE DE LA HAIE LONGUE",49,1
60272,"CORNICHE DE LA HAIE LONGUE",49,1
64760,CORNIEVILLE,55,1
64761,CORNIÉVILLE,55,1
64762,CORNIÉVILLE,55,1
52122,CORNILLE,35,1
99195,CORNILLE,35,1
52700,CORS,36,1
52699,CORS,36,1
81356,"COTEAUX (DES)",77,1
81355,"COTEAUX (DES)",77,1
100877,"COUBRE (LA)",17,1
440543,"COUBRE (LA)",17,1
46853,COUDRAY,27,1
46852,COUDRAY,27,1
53183,"COUDRAY MONTPENSIER",37,1
53182,"COUDRAY MONTPENSIER",37,1
82248,COUHARDE,78,1
82246,COUHARDE,78,1
82247,COUHARDE,78,1
82249,"COUHARDE ",78,1
53186,COULAINE,37,1
53185,COULAINE,37,1
63419,"COUR (DE LA)",53,1
63420,"COUR (DE LA)",53,1
88470,COURANCES,91,1
88471,COURANCES,91,1
33492,COURCELLES,02,1
33491,COURCELLES,02,1
88472,"COURCELLES (DE)",91,1
88473,"COURCELLES (DE)",91,1
58273,"COURCELLES LE ROI",45,1
58272,"COURCELLES LE ROI",45,1
61088,"COURCY (commune)",50,1
61087,"COURCY (commune)",50,1
61086,"COURCY (commune)",50,1
86089,"COURET (DU)",87,1
86090,"COURET (DU)",87,1
70943,COURRIERES,62,1
70944,COURRIERES,62,1
60286,COURROUCE,49,1
60285,COURROUCE,49,1
78427,"COURTANGIS (DE)",72,1
78428,"COURTANGIS (DE)",72,1
46861,COURTEILLES,27,1
46860,COURTEILLES,27,1
61090,COUTAINVILLE,50,1
96695,COUTAINVILLE,50,1
46863,COUTURE,27,1
46862,COUTURE,27,1
53193,COUZIERES,37,1
53192,COUZIERES,37,1
103397,COWES,GB,41
102531,COWES,GB,41
32634,"CREUZETTES (DES)",01,1
32633,"CREUZETTES (DES)",01,1
69856,CREVECOEUR,61,1
69857,CREVECOEUR,61,1
68773,"CREVECOEUR (hameau de)",60,1
68774,"CREVECOEUR (hameau de)",60,1
80329,"CROIX BLANCHE (DE LA)",76,1
80330,"CROIX BLANCHE (DE LA)",76,1
33522,"CROIX BLANCHE (LA)",02,1
33521,"CROIX BLANCHE (LA)",02,1
86101,"CROMIERES (DE)",87,1
86102,"CROMIERES (DE)",87,1
46882,CRUCHET,27,1
46881,CRUCHET,27,1
440477,CRUCUNO,56,1
440478,CRUCUNO,56,1
32641,"CUEILLE (LA)",01,1
101023,"CUEILLE (LA)",01,1
60292,CUNAULT,49,1
439443,CUNAULT,49,1
33547,"DAMES (CHEMIN DES)",02,1
33546,"DAMES (CHEMIN DES)",02,1
33545,"DAMES (CHEMIN DES)",02,1
38568,DAMPIERRE,14,1
38567,DAMPIERRE,14,1
129490,"DAR EL BEY",TN,90
440469,"DAR EL BEY",TN,90
53947,"DAUPHINS (DES)",38,1
53946,"DAUPHINS (DES)",38,1
80345,"DERCHIGNY GRAINCOURT",76,1
80479,"DERCHIGNY GRAINCOURT",76,1
93208,"DIABLERETS (LES)",CH,16
106541,"DIABLERETS (LES)",CH,16
69876,DIEUFIT,61,1
69877,DIEUFIT,61,1
69878,DIEUFIT,61,1
77532,"DIGOINE (DE)",71,1
77533,"DIGOINE (DE)",71,1
77534,"DIGOINE (DE)",71,1
61109,DIGULLEVILLE,50,1
442282,DIGULLEVILLE,50,1
55900,DIORIERES,41,1
55899,DIORIERES,41,1
90617,DIXMUDE,BE,4
440843,DIXMUDE,BE,4
97479,DJOCJA,ID,150
442995,DJOCJA,ID,150
69880,DOMPIERRE,61,1
69881,DOMPIERRE,61,1
53215,DONNETERIE,37,1
53214,DONNETERIE,37,1
69883,DORCEAU,61,1
69884,DORCEAU,61,1
56571,DORIAN,42,1
56570,DORIAN,42,1
103494,DORNBIRN,AT,3
103500,DORNBIRN,AT,3
70979,DOURGES,62,1
70980,DOURGES,62,1
92917,DOURO,PT,60
98696,DOURO,PT,60
41526,DOUX,19,1
41525,DOUX,19,1
204652,DRACEVO,MK,168
401556,DRACEVO,MK,168
77545,"DRÃÂE (DE)",71,1
77546,"DRÃÂE (DE)",71,1
442004,"DRENNEC (LE)",29,1
48463,"DRENNEC (LE)",29,1
68810,"DROIZELLES (DE)",60,1
68811,"DROIZELLES (DE)",60,1
43358,"DUC (DU)",22,1
43357,"DUC (DU)",22,1
106727,DUELEM,LU,11
106728,DUELEM,LU,11
74411,DUPPIGHEIM,67,1
74412,DUPPIGHEIM,67,1
75839,DURAFOUR,69,1
75840,DURAFOUR,69,1
61117,ECALGRAIN,50,1
442284,ECALGRAIN,50,1
53967,"ECOTHER (D')",38,1
53966,"ECOTHER (D')",38,1
72094,EFFIAT,63,1
72095,EFFIAT,63,1
68816,"ELINCOURT SAINTE MARGUERITE",60,1
68817,"ELINCOURT SAINTE MARGUERITE",60,1
96512,"ENFANCE ->",THE,86
96524,"ENFANCE ->",THE,86
77558,"EPIRY (D')",71,1
77559,"EPIRY (D')",71,1
67981,"ERMITAGE (DE L')",59,1
67982,"ERMITAGE (DE L')",59,1
441880,"ERNEVILLE AUX BOIS",55,1
102451,"ERNEVILLE AUX BOIS",55,1
47940,"ESCLIMONT (D')",28,1
47939,"ESCLIMONT (D')",28,1
47938,"ESCLIMONT (D')",28,1
442790,ESCURES,14,1
38610,ESCURES,14,1
90648,ESNEUX,BE,4
107858,ESNEUX,BE,4
67237,ESPEUILLES,58,1
67238,ESPEUILLES,58,1
93249,ESTAVAYER,CH,16
442773,ESTAVAYER,CH,16
92813,"ESTERRI D'ANEU",ES,6
117126,"ESTERRI D'ANEU",ES,6
68836,"ESTREES SAINT DENIS",60,1
68837,"ESTREES SAINT DENIS",60,1
88976,"ETAPE (DE L')",94,1
88977,"ETAPE (DE L')",94,1
442613,ETICHOVE,BE,4
443479,ETICHOVE,BE,4
41114,ETRECHY,18,1
41113,ETRECHY,18,1
81427,"ETRY (D')",77,1
81428,"ETRY (D')",77,1
90653,ETTERBEEK,BE,4
443104,ETTERBEEK,BE,4
64015,EULMONT,54,1
64016,EULMONT,54,1
99986,EYSDEN,NL,13
102429,EYSDEN,NL,13
69897,FALANDRE,61,1
69898,FALANDRE,61,1
69899,FALANDRE,61,1
76765,FALLON,70,1
76766,FALLON,70,1
60325,FAUCILLE,49,1
60324,FAUCILLE,49,1
100904,"FAUCILLE (LA)",01,1
100906,"FAUCILLE (LA)",01,1
87555,"FAULIN (DE)",89,1
87556,"FAULIN (DE)",89,1
87557,"FAULIN (DE)",89,1
62842,FAYS,52,1
62843,FAYS,52,1
443502,FEDHALA,MA,91
443321,FEDHALA,MA,91
44757,"FENELON (DE)",24,1
44756,"FENELON (DE)",24,1
49674,FENOUILLET,31,1
441951,FENOUILLET,31,1
102248,"FEROE (ILES)",DK,5
102250,"FEROE (ILES)",DK,5
46169,"FERRANDIERE (hameau)",26,1
46168,"FERRANDIERE (hameau)",26,1
81439,"FERREUX (DE)",77,1
81440,"FERREUX (DE)",77,1
69916,FEUGERETS,61,1
69917,FEUGERETS,61,1
69918,FEUILLET,61,1
69919,FEUILLET,61,1
93267,FEX,CH,16
98447,FEX,CH,16
64030,"FLEUR FONTAINE",54,1
64031,"FLEUR FONTAINE",54,1
58328,FLEURY,45,1
58327,FLEURY,45,1
93278,FLIMS,CH,16
93917,FLIMS,CH,16
78482,"FLOTTE (DE LA)",72,1
78483,"FLOTTE (DE LA)",72,1
78484,"FLOTTE (DE LA)",72,1
54002,"FOLATIERE (hameau la)",38,1
54001,"FOLATIERE (hameau la)",38,1
47957,"FOLIE (DE LA)",28,1
47956,"FOLIE (DE LA)",28,1
47955,"FOLIE (DE LA)",28,1
58334,"FOLIE (DE LA)",45,1
58333,"FOLIE (DE LA)",45,1
49678,FONBEAUZARD,31,1
99215,FONBEAUZARD,31,1
75871,FONTAINE,69,1
75872,FONTAINE,69,1
53239,FONTENAILLES,37,1
53240,FONTENAILLES,37,1
87580,FONTENAILLES,89,1
87581,FONTENAILLES,89,1
53242,FONTENAY,37,1
53241,FONTENAY,37,1
46973,FONTENETAIN,27,1
46972,FONTENETAIN,27,1
62853,FORGE,52,1
62854,FORGE,52,1
69932,FORGE,61,1
69933,FORGE,61,1
63452,"FORGE (DE LA)",53,1
63453,"FORGE (DE LA)",53,1
66186,"FORGE (LA)",57,1
66187,"FORGE (LA)",57,1
87592,"FORGE (LA)",89,1
87593,"FORGE (LA)",89,1
52728,FORGES,36,1
52727,FORGES,36,1
41549,FORSAC,19,1
41548,FORSAC,19,1
65478,"FORT BLOQUE",56,1
65479,"FORT BLOQUE",56,1
85717,"FOUGERAY (DE)",86,1
85718,"FOUGERAY (DE)",86,1
60348,FOUGEROLLES,49,1
60347,FOUGEROLLES,49,1
87601,"FOULON (LE)",89,1
87602,"FOULON (LE)",89,1
82315,"FOURCHEROLLES (hameau)",78,1
82316,"FOURCHEROLLES (hameau)",78,1
67269,FOURNEAU,58,1
67270,FOURNEAU,58,1
79172,FOURNEAUX,73,1
79173,FOURNEAUX,73,1
40593,"FOURNIER ",17,1
40592,FOURNIER,17,1
87610,"FRAUVILLE (DE)",89,1
87611,"FRAUVILLE (DE)",89,1
80432,"FREFOSSE (DE)",76,1
80433,"FREFOSSE (DE)",76,1
78498,FRESIONNIERES,72,1
78499,"FRESIONNIERES ",72,1
63459,"FRESNAY (DE)",53,1
63460,"FRESNAY (DE)",53,1
52169,FRETAY,35,1
52168,FRETAY,35,1
75116,FREUNDSTEIN,68,1
75117,"FREUNDSTEIN ",68,1
88517,"FRILEUSE (DE)",91,1
88518,"FRILEUSE (DE)",91,1
47002,FUNECHON,27,1
47001,FUNECHON,27,1
47000,FUNECHON,27,1
54023,"FURES (hameau)",38,1
54022,"FURES (hameau)",38,1
85722,"FUYE (DE LA)",86,1
85723,"FUYE (DE LA)",86,1
53255,GAGNERIE,37,1
443319,GAGNERIE,37,1
89174,GAILLARD,95,1
89175,GAILLARD,95,1
80450,GAILLEFONTAINE,76,1
80451,GAILLEFONTAINE,76,1
82323,GAILLON,78,1
82324,GAILLON,78,1
105191,GAMS,CH,16
442736,GAMS,CH,16
66207,GANDRANGE,57,1
96749,GANDRANGE,57,1
36034,"GARANOU (DE)",09,1
36033,"GARANOU (DE)",09,1
59839,GARDE,48,1
59838,GARDE,48,1
72141,GARDE,63,1
72142,GARDE,63,1
72143,GARDE,63,1
64065,"GARE LE COL",54,1
64066,"GARE LE COL",54,1
60362,GARENNE,49,1
60363,GARENNE,49,1
61152,"GARNETOT (DE)",50,1
61151,"GARNETOT (DE)",50,1
97481,GAROET,ID,150
102278,GAROET,ID,150
44783,"GAUBERTIE (DE LA)",24,1
44782,"GAUBERTIE (DE LA)",24,1
55956,"GAULT DU PERCHE (LE)",41,1
440866,"GAULT DU PERCHE (LE)",41,1
81484,"GAUTHIER ",77,1
81485,"GAUTHIER ",77,1
73021,"GAVE (hameau)",64,1
73022,"GAVE (hameau)",64,1
34685,"GAYETTE (DE)",03,1
34684,"GAYETTE (DE)",03,1
77615,GERMOLLES,71,1
440566,GERMOLLES,71,1
88822,"GIBETS (DES)",92,1
88823,"GIBETS (DES)",92,1
95739,GILLENFELD,DE,2
95759,GILLENFELD,DE,2
88523,"GILLEVOISIN (DE)",91,1
88524,"GILLEVOISIN (DE)",91,1
72153,GIMEAUX,63,1
72154,GIMEAUX,63,1
53262,GIRARDET,37,1
53261,GIRARDET,37,1
55961,GLATIGNY,41,1
55960,GLATIGNY,41,1
34691,"GLÃÂNÃÂ (DE)",03,1
34690,"GLÃÂNÃÂ (DE)",03,1
440804,"GLIERES VAL DE BORNE",74,1
440805,"GLIERES VAL DE BORNE",74,1
93324,GLION,CH,16
104874,GLION,CH,16
442440,GOEBELSMUHLE,LU,11
442447,GOEBELSMUHLE,LU,11
47028,"GOEL (DE)",27,1
47027,"GOEL (DE)",27,1
61167,GONNEVILLE,50,1
61166,GONNEVILLE,50,1
58373,"GOULETTE (DE LA)",45,1
58372,"GOULETTE (DE LA)",45,1
68912,"GOURNAY (hameau)",60,1
68913,"GOURNAY (hameau)",60,1
68914,"GOURNAY (hameau)",60,1
56603,"GOUTTELAS (DE)",42,1
56602,"GOUTTELAS (DE)",42,1
60376,GRAFFINIERE,49,1
60375,GRAFFINIERE,49,1
60379,"GRAND MAISON",49,1
60378,"GRAND MAISON",49,1
86708,"GRAND VALTIN",88,1
90137,"GRAND VALTIN",88,1
442191,"GRAND VALTIN",88,1
87632,GRANDCHAMP,89,1
87633,GRANDCHAMP,89,1
91375,"GRANDE CHARTREUSE",38,1
439478,"GRANDE CHARTREUSE",38,1
69988,"GRANDE NOÃÂ",61,1
69989,"GRANDE NOÃÂ",61,1
69990,"GRANDE SUCRERIE",61,1
69991,"GRANDE SUCRERIE",61,1
31975,GRANDPRE,08,1
31974,GRANDPRE,08,1
72168,GRANDRIF,63,1
72169,GRANDRIF,63,1
86712,GRANDRUPT,88,1
86711,GRANDRUPT,88,1
78522,"GRANGE (DE LA)",72,1
78523,"GRANGE (DE LA)",72,1
78524,"GRANGE (DE LA)",72,1
81502,"GRANGE (DE LA)",77,1
81499,"GRANGE (DE LA)",77,1
81500,"GRANGE (DE LA)",77,1
81501,"GRANGE (DE LA)",77,1
81503,"GRANGE (DE LA)",77,1
88983,"GRANGE (DE LA)",94,1
88984,"GRANGE (DE LA)",94,1
75925,GRANGES,69,1
75926,GRANGES,69,1
46196,"GRANGES (hameau)",26,1
46195,"GRANGES (hameau)",26,1
62057,GRAUVES,51,1
62056,GRAUVES,51,1
71123,GRENAY,62,1
100823,GRENAY,62,1
82362,"GRENOUILLERE (hameau)",78,1
82363,"GRENOUILLERE (hameau)",78,1
57155,GREZES,43,1
442246,GREZES,43,1
60388,GREZILLE,49,1
60387,GREZILLE,49,1
106130,GRIGNON,45,1
89982,GRIGNON,45,1
69997,"GRILLANT (DE)",61,1
69998,"GRILLANT (DE)",61,1
82372,GROUX,78,1
82373,GROUX,78,1
78533,"GUEDON (DE)",72,1
78534,"GUEDON (DE)",72,1
80511,"GUERCHE (DE LA)",76,1
80512,"GUERCHE (DE LA)",76,1
72179,GUERY,63,1
72180,GUERY,63,1
66263,GUISING,57,1
66264,GUISING,57,1
63482,"GUITTERIE (DE LA)",53,1
63483,"GUITTERIE (DE LA)",53,1
439448,"HAGUE (LA)",50,1
442289,"HAGUE (LA)",50,1
68937,"HALATTE (forÃÂªt d')",60,1
68938,"HALATTE (forÃÂªt d')",60,1
70023,"HAMEAU FLEURI",61,1
70024,"HAMEAU FLEURI",61,1
64906,HANNONCELLES,55,1
64907,HANNONCELLES,55,1
71156,HARDELOT,62,1
71157,HARDELOT,62,1
32005,HAULME,08,1
32004,HAULME,08,1
64918,HAUMONT,55,1
64919,HAUMONT,55,1
62069,HAUSSIGNEMONT,51,1
62068,HAUSSIGNEMONT,51,1
53281,"HAUT BRIZAY",37,1
53280,"HAUT BRIZAY",37,1
52204,"HAUTE FOREST",35,1
52203,"HAUTE FOREST",35,1
79202,HAUTECOMBE,73,1
79203,HAUTECOMBE,73,1
63492,"HAUTEVILLE (D')",53,1
63493,"HAUTEVILLE (D')",53,1
96363,HAWAI,US,39
166738,HAWAï,US,39
63494,"HAYE (DE LA)",53,1
63495,"HAYE (DE LA)",53,1
70034,"HAYE DE POELY (HARAS DE LA)",61,1
70035,"HAYE DE POELY (HARAS DE LA)",61,1
48018,"HAYES (DES)",28,1
48017,"HAYES (DES)",28,1
90771,HEKELGEM,BE,4
442431,HEKELGEM,BE,4
66306,HELLING,57,1
100875,HELLING,57,1
66307,HELLOCOURT,57,1
66308,HELLOCOURT,57,1
66318,"HERMES KAPPEL",57,1
100858,"HERMES KAPPEL",57,1
79208,HERMILLON,73,1
79209,HERMILLON,73,1
45599,"HERMITAGE (DE L')",25,1
45598,"HERMITAGE (DE L')",25,1
43435,"HERMITAGE LORGE (L')",22,1
43434,"HERMITAGE LORGE (L')",22,1
47096,HERQUEVILLE,27,1
47097,HERQUEVILLE,27,1
90784,HEUSY,BE,4
441904,HEUSY,BE,4
102472,HEUVELLAND,BE,4
102477,"HEUVELLAND ",BE,4
98769,HILSEN,DK,5
98812,HILSEN,DK,5
91401,"HOHNECK (LE)",88,1
439437,"HOHNECK (LE)",88,1
56618,HOLTZER,42,1
56617,HOLTZER,42,1
47116,HOUSSAYE,27,1
47115,HOUSSAYE,27,1
71215,"HUBY SAINT LEU",62,1
71216,"HUBY SAINT LEU",62,1
48519,"HUELGOAT (hameau)",29,1
48518,"HUELGOAT (hameau)",29,1
43445,HUNAUDAYE,22,1
43444,HUNAUDAYE,22,1
43443,HUNAUDAYE,22,1
71225,HYDREQUENT,62,1
71226,HYDREQUENT,62,1
106781,IERPELDENG,LU,11
106785,IERPELDENG,LU,11
64135,IGNEY,54,1
64136,IGNEY,54,1
103292,"ILE DE MAN",GB,41
103388,"ILE DE MAN",GB,41
82408,"ILE FLEURIE (hameau)",78,1
82409,"ILE FLEURIE (hameau)",78,1
43453,"ILE ILLIEC (hameau)",22,1
43452,"ILE ILLIEC (hameau)",22,1
89510,"ILE NOU",988,1
97961,"ILE NOU",988,1
39258,"ILES SAINT MARCOUF",50,1
442299,"ILES SAINT MARCOUF",50,1
91421,"ILES SOUS LE VENT",987,1
91422,"ILES SOUS LE VENT",987,1
35440,"INFOURNAS (LES)",05,1
442786,"INFOURNAS (LES)",05,1
80574,INTRAVILLE,76,1
442169,INTRAVILLE,76,1
41161,"ISLE (DE L')",18,1
41160,"ISLE (DE L')",18,1
50983,"ISSAN (D')",33,1
50982,"ISSAN (D')",33,1
90814,IXELLES,BE,4
443091,IXELLES,BE,4
74561,JAEGERTHAL,67,1
90183,JAEGERTHAL,67,1
81544,JAIGNES,77,1
81545,"JAIGNES ",77,1
43462,"JAN ",22,1
443190,JAN,22,1
87678,"JANETS (DES)",89,1
87679,"JANETS (DES)",89,1
88553,JARCY,91,1
88554,JARCY,91,1
88555,JARCY,91,1
62102,JARD,51,1
62101,JARD,51,1
79214,JARSY,73,1
79215,JARSY,73,1
59860,JAVOLS,48,1
59859,JAVOLS,48,1
96370,"JERSEY CITY",US,39
100345,"JERSEY CITY",US,39
124670,JOKICI,RS,201
124680,JOKICI,RS,201
57708,JUIGNE,44,1
57707,JUIGNE,44,1
90827,JUSLENVILLE,BE,4
107865,JUSLENVILLE,BE,4
107760,KANNE,BE,4
442584,KANNE,BE,4
310184,KATA,SY,67
303314,KATA,SY,67
43470,KERALLIE,22,1
43469,KERALLIE,22,1
48552,KERATRY,29,1
97850,KERATRY,29,1
440618,KERFISSIEN,29,1
440631,KERFISSIEN,29,1
43479,"KERFONS (DE)",22,1
43478,"KERFONS (DE)",22,1
65535,"KERGUEHENNEC (DE)",56,1
65536,"KERGUEHENNEC (DE)",56,1
65538,"KERISPER (DE)",56,1
65539,"KERISPER (DE)",56,1
48600,"KERSAINT (hameau)",29,1
48599,"KERSAINT (hameau)",29,1
65554,KERTHOMAS,56,1
65555,KERTHOMAS,56,1
48603,KERUZORET,29,1
442985,KERUZORET,29,1
93412,KERZERS,CH,16
442729,KERZERS,CH,16
104333,KOKSIJDE,BE,4
443384,KOKSIJDE,BE,4
90836,KRUISHOUTEM,BE,4
442597,KRUISHOUTEM,BE,4
75227,"LAC BLANC",68,1
75228,"LAC BLANC",68,1
96616,LACOUDOUMIE,12,1
96614,LACOUDOUMIE,12,1
44822,"LAFAYE (DE)",24,1
44821,"LAFAYE (DE)",24,1
51004,LAFON,33,1
51003,LAFON,33,1
100171,"LAGO MAGGIORE",IT,10
100872,"LAGO MAGGIORE",IT,10
88560,"LAGRANGE (DE)",91,1
88561,"LAGRANGE (DE)",91,1
73100,"LAGUINGE (village)",64,1
73101,"LAGUINGE (village)",64,1
80581,LAMBERVILLE,76,1
80582,LAMBERVILLE,76,1
39626,"LAMOTHE (DE)",15,1
39625,"LAMOTHE (DE)",15,1
37137,LAMPY,11,1
37136,LAMPY,11,1
54093,"LANCIN (DE)",38,1
54092,"LANCIN (DE)",38,1
61239,LANDEMER,50,1
96693,LANDEMER,50,1
442285,LANDEMER,50,1
72206,LANDOGNE,63,1
72207,LANDOGNE,63,1
74600,LANDSBERG,67,1
74601,LANDSBERG,67,1
64978,"LANEUVILLE SAINT JOIRE",55,1
102452,"LANEUVILLE SAINT JOIRE",55,1
377175,"LANGENFELD (RHEINLAND) (RHENANIE DU NORD WESTPHALI",DE,2
385538,"LANGENFELD (RHEINLAND) (RHENANIE DU NORD WESTPHALI",DE,2
58435,LANGESSE,45,1
58434,LANGESSE,45,1
34730,"LANGLARD (DE)",03,1
34729,"LANGLARD (DE)",03,1
94259,LANZO,IT,10
100236,LANZO,IT,10
70077,LARCHAMP,61,1
70078,LARCHAMP,61,1
59059,"LAROQUE DES ARCS",46,1
440667,"LAROQUE DES ARCS",46,1
69011,"LASSIGNY (hameau de)",60,1
69012,"LASSIGNY (hameau de)",60,1
59065,LATRONQUIERE,46,1
59064,LATRONQUIERE,46,1
47151,"LAUNAY ",27,1
47150,"LAUNAY ",27,1
47149,LAUNAY,27,1
441849,LAUNAY,27,1
60450,LAUNAY,49,1
60449,LAUNAY,49,1
60448,LAUNAY,49,1
70081,LAUNAY,61,1
70082,LAUNAY,61,1
96924,LAUTARET,05,1
442009,LAUTARET,05,1
32768,"LECHERE (LA)",01,1
32767,"LECHERE (LA)",01,1
81573,"LEDUC ",77,1
81574,"LEDUC ",77,1
106997,LELLGEN,LU,11
107024,LELLGEN,LU,11
48643,"LESCONIL (hameau)",29,1
48642,"LESCONIL (hameau)",29,1
35451,"LESDIGUIERES (DE)",05,1
35450,"LESDIGUIERES (DE)",05,1
440621,LESGALL,29,1
440622,LESGALL,29,1
61248,LESTRE,50,1
442290,LESTRE,50,1
44285,LEYRAT,23,1
44284,LEYRAT,23,1
69026,"LIANCOURT (hameau)",60,1
69027,"LIANCOURT (hameau)",60,1
69028,"LIANCOURT (hameau)",60,1
73140,LICHANS,64,1
73139,LICHANS,64,1
67345,LIMOUX,58,1
67346,LIMOUX,58,1
385938,LINDEN,DE,2
440847,LINDEN,DE,2
87724,"LINGOULT (MOULIN DE)",89,1
97975,"LINGOULT (MOULIN DE)",89,1
60454,"LION D'ANGERS (LE)",49,1
443403,"LION D'ANGERS (LE)",49,1
38821,LIVAROT,14,1
443121,LIVAROT,14,1
102167,"LOCH AWE",GB,41
100583,"LOCH AWE",GB,41
65587,LOCMARIA,56,1
90194,LOCMARIA,56,1
56025,LODIERE,41,1
56024,LODIERE,41,1
75252,LOGELBACH,68,1
75253,LOGELBACH,68,1
60459,LOGES,49,1
60458,LOGES,49,1
78572,"LOGES (DES)",72,1
78573,"LOGES (DES)",72,1
38826,"LOGES (LES)",14,1
38825,"LOGES (LES)",14,1
43581,"LOGUIVY (hameau)",22,1
43580,"LOGUIVY (hameau)",22,1
43579,"LOGUIVY (hameau)",22,1
96498,"LOISIRS ->",THE,86
96504,"LOISIRS ->",THE,86
96513,"LOISIRS ->",THE,86
96516,"LOISIRS ->",THE,86
69038,LOISY,60,1
442154,LOISY,60,1
90872,LOKEREN,BE,4
107704,LOKEREN,BE,4
98773,LOLLAND,DK,5
98765,LOLLAND,DK,5
98789,LOLLAND,DK,5
38833,LONGUEVAL,14,1
38832,LONGUEVAL,14,1
34751,"LONZAT (DU)",03,1
34750,"LONZAT (DU)",03,1
60465,LOROUX,49,1
60464,LOROUX,49,1
58451,LORRIS,45,1
442343,LORRIS,45,1
65600,"LOU (DU)",56,1
65601,"LOU (DU)",56,1
51068,LOUBENS,33,1
51067,LOUBENS,33,1
59512,LOUPILLON,47,1
59511,LOUPILLON,47,1
76877,LOUVIÃÂ©RE,70,1
76878,LOUVIÃÂ©RE,70,1
90884,"LOUVIERE (LA)",BE,4
107896,"LOUVIERE (LA)",BE,4
62139,LUDES,51,1
62138,LUDES,51,1
57191,"LUGEAC ",43,1
57190,LUGEAC,43,1
42060,LUMIO,2B,1
42059,LUMIO,2B,1
96615,LUNET,12,1
96613,LUNET,12,1
61266,"LUOT (LE)",50,1
442292,"LUOT (LE)",50,1
89762,M'COUN,MA,91
89763,M'COUN,MA,91
52257,"MACAIRE (hameau)",35,1
52256,"MACAIRE (hameau)",35,1
90893,MAESEYCK,BE,4
107772,MAESEYCK,BE,4
76886,MAGNONCOURT,70,1
76887,MAGNONCOURT,70,1
76889,MAGNY,70,1
76890,MAGNY,70,1
76891,MAGNY,70,1
51705,"MAGUELONE (hameau)",34,1
51704,"MAGUELONE (hameau)",34,1
103391,MAIDSTONE,GB,41
102780,MAIDSTONE,GB,41
67364,"MAISON ROUGE",58,1
67365,"MAISON ROUGE",58,1
82456,"MAISON ROUGE ",78,1
82455,"MAISON ROUGE",78,1
88903,"MAISON ROUGE (DE)",93,1
88904,"MAISON ROUGE (DE)",93,1
83753,MAIZICOURT,80,1
83754,MAIZICOURT,80,1
41606,MAJORIE,19,1
41605,MAJORIE,19,1
57197,"MALAGUET (hameau)",43,1
57196,"MALAGUET (hameau)",43,1
57195,"MALAGUET (hameau)",43,1
87749,"MALAY LE GRAND",89,1
87750,"MALAY LE GRAND",89,1
70131,MALBROUCK,61,1
104197,MALBROUCK,61,1
97861,MALECLECHE,41,1
97862,MALECLECHE,41,1
33831,"MALMAISON (FORT DE LA)",02,1
33829,"MALMAISON (FORT DE LA)",02,1
47184,MALOU,27,1
47183,MALOU,27,1
44303,MALVAL,23,1
44304,MALVAL,23,1
62158,MANCY,51,1
62157,MANCY,51,1
78596,"MANGE (DE)",72,1
78597,"MANGE (DE)",72,1
98345,MANILA,PH,59
101887,MANILA,PH,59
38870,MANNEVILLE,14,1
38869,MANNEVILLE,14,1
38868,MANNEVILLE,14,1
106303,MANTEAU,83,1
106306,MANTEAU,83,1
58473,"MARAIS ",45,1
58472,MARAIS,45,1
88574,"MARAIS (DU)",91,1
88575,"MARAIS (DU)",91,1
82468,"MARAIS (hameau)",78,1
82469,"MARAIS (hameau)",78,1
36089,MARC,09,1
441966,MARC,09,1
53343,MARCHERE,37,1
53342,MARCHERE,37,1
54122,"MARCHIL (DU)",38,1
54121,"MARCHIL (DU)",38,1
67373,MARCILLY,58,1
67374,MARCILLY,58,1
38882,"MARIE ANTOINETTE",14,1
38881,"MARIE ANTOINETTE",14,1
38880,"MARIE ANTOINETTE",14,1
38879,"MARIE ANTOINETTE",14,1
66484,MARIENTHAL,57,1
66485,MARIENTHAL,57,1
114544,MARIGNAC,31,1
49829,MARIGNAC,31,1
74630,MARLENHEIM,67,1
74631,MARLENHEIM,67,1
100139,MARLIEU,38,1
443300,MARLIEU,38,1
62983,MARMOTTE,52,1
62984,MARMOTTE,52,1
71342,MARQUISE,62,1
71343,MARQUISE,62,1
81623,"MARSAUDIERE (DE LA)",77,1
81624,"MARSAUDIERE (DE LA)",77,1
38888,MARTAINVILLE,14,1
38887,MARTAINVILLE,14,1
38892,"MARTILLY (hameau)",14,1
38891,"MARTILLY (hameau)",14,1
76029,MARTIN,69,1
76030,MARTIN,69,1
51712,"MARTINET (hameau)",34,1
51711,"MARTINET (hameau)",34,1
54135,"MARTINETTE (hameau la)",38,1
54134,"MARTINETTE (hameau la)",38,1
82480,MARTINIERE,78,1
82481,MARTINIERE,78,1
70148,MARTINIQUE,61,1
70149,MARTINIQUE,61,1
34774,"MAS (DU)",03,1
34773,"MAS (DU)",03,1
49844,MAURENS,31,1
443166,MAURENS,31,1
82490,MAUVIERES,78,1
82491,MAUVIERES,78,1
100527,"MAZEL (LE)",30,1
440606,"MAZEL (LE)",30,1
78615,"MAZOUE (DE)",72,1
78616,"MAZOUE (DE)",72,1
70153,MEDAVY,61,1
70154,MEDAVY,61,1
75272,MEHRBACHEL,68,1
75273,MEHRBACHEL,68,1
42829,"MEIXMORON (DE)",21,1
42828,"MEIXMORON (DE)",21,1
48687,"MENEZ HOM",29,1
442065,"MENEZ HOM",29,1
47210,MENILLES,27,1
47209,MENILLES,27,1
33866,MENNEVILLE,02,1
33864,MENNEVILLE,02,1
43610,"MER (DE LA)",22,1
43609,"MER (DE LA)",22,1
63552,MERAL,53,1
63553,MERAL,53,1
65052,MERCHINES,55,1
65053,MERCHINES,55,1
57214,MERCURET,43,1
57213,MERCURET,43,1
62189,MERLAUT,51,1
62188,MERLAUT,51,1
69091,"MERLEMONT (DE)",60,1
69092,"MERLEMONT (DE)",60,1
69095,"MERU (hameau de)",60,1
69096,"MERU (hameau de)",60,1
69097,"MERU (hameau de)",60,1
49857,MERVILLE,31,1
49856,MERVILLE,31,1
47221,MESANGERE,27,1
47220,MESANGERE,27,1
70184,"MESNIL GLAISE",61,1
70185,"MESNIL GLAISE",61,1
90936,METTET,BE,4
107892,METTET,BE,4
44887,"MEYNARDIE (DE LA)",24,1
44886,"MEYNARDIE (DE LA)",24,1
39676,"MEYNIAL (DE)",15,1
39675,"MEYNIAL (DE)",15,1
32819,MEYRIAT,01,1
100966,MEYRIAT,01,1
440475,MEYRIAT,01,1
104035,MEYRIN,CH,16
106051,MEYRIN,CH,16
90940,MIDDELKERKE,BE,4
102473,MIDDELKERKE,BE,4
59108,MIERS,46,1
59109,MIERS,46,1
106139,MIJOUET,74,1
442861,MIJOUET,74,1
87783,MILLY,89,1
87784,MILLY,89,1
125966,MILOSEVICI,RS,201
125967,MILOSEVICI,RS,201
79253,"MIOLANS (DE)",73,1
79254,"MIOLANS (DE)",73,1
72292,MIRABEAU,63,1
72293,MIRABEAU,63,1
44895,"MIRANDES (DES)",24,1
44894,"MIRANDES (DES)",24,1
80673,MIRVILLE,76,1
80674,MIRVILLE,76,1
70189,MOCHE,61,1
70190,MOCHE,61,1
443322,MOHAMMEDIA,MA,91
443504,MOHAMMEDIA,MA,91
55098,MOIRON,39,1
55097,MOIRON,39,1
79258,"MOLLARD (LE)",73,1
440757,"MOLLARD (LE)",73,1
42080,MOLTIFAO,2B,1
42079,MOLTIFAO,2B,1
53370,MONCONTOUR,37,1
53369,MONCONTOUR,37,1
102433,MONFLIERES,80,1
441903,MONFLIERES,80,1
72303,MONS,63,1
72304,MONS,63,1
76941,MONT,70,1
76942,MONT,70,1
91369,"MONT AIGOUAL",30,1
441824,"MONT AIGOUAL",30,1
97075,"MONT BLANC",74,1
97912,"MONT BLANC",74,1
62207,"MONT DE BILLY",51,1
442194,"MONT DE BILLY",51,1
76943,"MONT DE FOURCHE",70,1
76944,"MONT DE FOURCHE",70,1
90953,"MONT DE L'ENCLUS",BE,4
107762,"MONT DE L'ENCLUS",BE,4
86201,"MONT GARGAN (DU)",87,1
86200,"MONT GARGAN (DU)",87,1
69122,"MONT L'EVEQUE",60,1
69123,"MONT L'EVEQUE",60,1
76947,"MONT LE FRANOIS",70,1
440544,"MONT LE FRANOIS",70,1
439470,"MONT REVARD",73,1
439472,"MONT REVARD",73,1
91351,"MONT VENTOUX",84,1
96666,"MONT VENTOUX",84,1
78640,MONTABON,72,1
78641,MONTABON,72,1
78642,MONTABON,72,1
59114,MONTAL,46,1
59113,MONTAL,46,1
38963,MONTAMY,14,1
38962,MONTAMY,14,1
57227,MONTBARNIER,43,1
57226,MONTBARNIER,43,1
59550,MONTCASSIN,47,1
59549,MONTCASSIN,47,1
72313,MONTCEL,63,1
72314,MONTCEL,63,1
72315,MONTCELARD,63,1
96692,MONTCELARD,63,1
44916,"MONTCHENIL (DE)",24,1
44915,"MONTCHENIL (DE)",24,1
67417,MONTCHENU,58,1
67418,MONTCHENU,58,1
94302,MONTELUNGO,IT,10
100690,MONTELUNGO,IT,10
45706,MONTFAUCON,25,1
45705,MONTFAUCON,25,1
90112,MONTFAUCON,25,1
72321,MONTFERMY,63,1
72322,MONTFERMY,63,1
60522,MONTGEOFFROY,49,1
60521,MONTGEOFFROY,49,1
70209,MONTGOUBERT,61,1
70210,MONTGOUBERT,61,1
48119,"MONTGRAHAM (DE)",28,1
48118,"MONTGRAHAM (DE)",28,1
33929,"MONTHOURY (DE)",02,1
33928,"MONTHOURY (DE)",02,1
47241,MONTIGNY,27,1
47240,MONTIGNY,27,1
87807,"MONTIGNY (DE)",89,1
87808,"MONTIGNY (DE)",89,1
90960,"MONTIGNY LE TILLEUL",BE,4
102462,"MONTIGNY LE TILLEUL",BE,4
72329,MONTMORIN,63,1
72330,MONTMORIN,63,1
62224,"MONTMORT LUCY",51,1
441979,"MONTMORT LUCY",51,1
77790,"MONTPERROUX (DE)",71,1
77791,"MONTPERROUX (DE)",71,1
48129,"MONTUEL (DE)",28,1
48128,"MONTUEL (DE)",28,1
79286,MONTVERNIER,73,1
79287,MONTVERNIER,73,1
33947,MONVINAGE,02,1
33946,MONVINAGE,02,1
47246,MORAINVILLE,27,1
440551,MORAINVILLE,27,1
70220,MORANDIERE,61,1
70221,MORANDIERE,61,1
72341,MORIAT,63,1
72342,MORIAT,63,1
56096,MORINIERE,41,1
56095,MORINIERE,41,1
57772,"MORINIERE (hameau)",44,1
57771,"MORINIERE (hameau)",44,1
46299,MORNANS,26,1
46298,MORNANS,26,1
31501,"MOTHE (DE LA)",07,1
31500,"MOTHE (DE LA)",07,1
44927,"MOTHE (DE LA)",24,1
44926,"MOTHE (DE LA)",24,1
47254,"MOTTE ",27,1
47253,MOTTE,27,1
52313,MOTTE,35,1
52312,MOTTE,35,1
52311,MOTTE,35,1
53392,MOTTE,37,1
53391,MOTTE,37,1
53390,MOTTE,37,1
53389,MOTTE,37,1
58541,MOTTE,45,1
58542,MOTTE,45,1
58540,MOTTE,45,1
70225,MOTTE,61,1
70226,MOTTE,61,1
34826,"MOTTE (DE LA)",03,1
34825,"MOTTE (DE LA)",03,1
101096,"MOTTE (DE LA)",03,1
56700,"MOTTE (DE LA)",42,1
56699,"MOTTE (DE LA)",42,1
63575,"MOTTE (DE LA)",53,1
63576,"MOTTE (DE LA)",53,1
63577,"MOTTE (DE LA)",53,1
77805,"MOTTE (DE LA)",71,1
77806,"MOTTE (DE LA)",71,1
78660,"MOTTE (DE LA)",72,1
78661,"MOTTE (DE LA)",72,1
78662,"MOTTE (DE LA)",72,1
87821,"MOTTE (DE LA)",89,1
87822,"MOTTE (DE LA)",89,1
79290,"MOTTETS (LES)",73,1
79291,"MOTTETS (LES)",73,1
81695,"MOULIGNON (DE)",77,1
81696,"MOULIGNON (DE)",77,1
56105,MOULIN,41,1
56104,MOULIN,41,1
48703,"MOULIN BLANC (hameau)",29,1
48702,"MOULIN BLANC (hameau)",29,1
64291,"MOULIN NEUF",54,1
64292,"MOULIN NEUF",54,1
72347,"MOULIN NEUF",63,1
72348,"MOULIN NEUF",63,1
88610,"MOULIN NEUF",91,1
88611,"MOULIN NEUF",91,1
33958,"MOULINET (LE)",02,1
97814,"MOULINET (LE)",02,1
87827,"MOULINOT (LE)",89,1
87828,"MOULINOT (LE)",89,1
33960,MOULINS,02,1
100663,MOULINS,02,1
99822,"MOUNT ROYAL",CA,27
99859,"MOUNT ROYAL",CA,27
37736,MOURET,12,1
37735,MOURET,12,1
87836,"MOUTOT (DE)",89,1
87837,"MOUTOT (DE)",89,1
69170,"MOUY (hameau)",60,1
69171,"MOUY (hameau)",60,1
82553,MUETTE,78,1
82554,MUETTE,78,1
60552,MULONNIERE,49,1
60551,MULONNIERE,49,1
72355,"MURAT LE QUAIRE",63,1
72356,"MURAT LE QUAIRE",63,1
96978,MUROLS,63,1
72358,MUROLS,63,1
72359,MUROLS,63,1
56116,NANTEUIL,41,1
441858,NANTEUIL,41,1
102466,NASSOGNE,BE,4
104085,NASSOGNE,BE,4
104078,NASSOGNE,BE,4
104081,NASSOGNE,BE,4
72360,NATZY,63,1
107911,NATZY,63,1
65636,"NESTIN (DU)",56,1
65637,"NESTIN (DU)",56,1
377257,"NEUBRANDEBOURG (MECKLEMBOURG POMERANIE OCCIDENTALE",DE,2
387347,"NEUBRANDEBOURG (MECKLEMBOURG POMERANIE OCCIDENTALE",DE,2
43643,NEUF,22,1
43642,NEUF,22,1
48709,"NEUF ",29,1
48708,NEUF,29,1
52326,"NEUF ",35,1
52325,NEUF,35,1
65639,NEUF,56,1
65638,NEUF,56,1
34841,"NEUILLY LE RÉAL",03,1
34840,"NEUILLY LE REAL",03,1
39701,NEUVEGLISE,15,1
96888,NEUVEGLISE,15,1
62246,"NEUVILLE (DOMAINE DE)",51,1
62245,"NEUVILLE (DOMAINE DE)",51,1
71411,NINGLES,62,1
71412,NINGLES,62,1
98003,NIOLO,2B,1
107943,NIOLO,2B,1
79301,NIVOLET,73,1
79302,NIVOLET,73,1
77819,"NOBLE (DE)",71,1
77820,"NOBLE (DE)",71,1
72371,NOIRAT,63,1
72370,NOIRAT,63,1
39004,"NORMAND (chalet)",14,1
39003,"NORMAND (chalet)",14,1
39002,"NORMAND (chalet)",14,1
102847,"NORTH BERWICK",GB,41
102848,"NORTH BERWICK",GB,41
65643,"NOTRE DAME ",56,1
65644,"NOTRE DAME ",56,1
65645,"NOTRE DAME ",56,1
57239,"NOTRE DAME D'ESTOURS",43,1
57238,"NOTRE DAME D'ESTOURS",43,1
85395,"NOTRE DAME DE BOURGENET",85,1
97934,"NOTRE DAME DE BOURGENET",85,1
54249,"NOTRE DAME DE LA SALETTE",38,1
54248,"NOTRE DAME DE LA SALETTE",38,1
54247,"NOTRE DAME DE LA SALETTE",38,1
43650,"NOTRE DAME DE LORETTE",22,1
43649,"NOTRE DAME DE LORETTE",22,1
107350,"NOTRE DAME DU MAI",83,1
107351,"NOTRE DAME DU MAI",83,1
81727,"NOUE (DE)",77,1
81728,"NOUE (DE)",77,1
60565,"NOYANT LA GRAVOYERE",49,1
440473,"NOYANT LA GRAVOYERE",49,1
54255,"NOYAREY ",38,1
54254,NOYAREY,38,1
48153,"NUISEMENT (DE)",28,1
48152,"NUISEMENT (DE)",28,1
74703,OBERHOF,67,1
74704,OBERHOF,67,1
74705,OBERHOF,67,1
120598,ODENA,ES,6
120599,ODENA,ES,6
106123,OEUVY,51,1
439450,OEUVY,51,1
99732,OLDEN,NO,12
100247,OLDEN,NO,12
42113,OLETTA,2B,1
42112,OLETTA,2B,1
90993,"OOST ROOSBEKE",BE,4
107790,"OOST ROOSBEKE",BE,4
72380,ORCET,63,1
72381,ORCET,63,1
42125,"OREZZA LES EAUX",2B,1
42124,"OREZZA LES EAUX",2B,1
42123,"OREZZA LES EAUX",2B,1
42122,"OREZZA LES EAUX",2B,1
104214,"OREZZA LES EAUX",2B,1
47300,"ORGEVILLE (hameau)",27,1
47299,"ORGEVILLE (hameau)",27,1
80742,ORIVAL,76,1
442175,ORIVAL,76,1
120609,ORRIUS,ES,6
120610,ORRIUS,ES,6
71440,ORVILLE,62,1
71441,ORVILLE,62,1
60575,OSERAIE,49,1
60574,OSERAIE,49,1
70270,OSTIEUX,61,1
70271,OSTIEUX,61,1
138412,OTTING,AT,3
138413,OTTING,AT,3
52836,OUBLAISE,36,1
52835,OUBLAISE,36,1
91004,OUDENAARDE,BE,4
104300,OUDENAARDE,BE,4
44352,PALAIS,23,1
44351,PALAIS,23,1
202375,PALUKNYS,LT,49
202376,PALUKNYS,LT,49
32166,"PAQUIS (LE)",08,1
32167,"PAQUIS (LE)",08,1
54273,"PARISET (hameau)",38,1
54272,"PARISET (hameau)",38,1
94344,PARMA,IT,10
100164,PARMA,IT,10
90718,PARMELAN,74,1
106154,PARMELAN,74,1
60579,PARNAY,49,1
60578,PARNAY,49,1
55175,"PASQUIER (LE)",39,1
55174,"PASQUIER (LE)",39,1
440538,"PASSAGE DU GOIS",85,1
440540,"PASSAGE DU GOIS",85,1
440541,"PASSAGE DU GOIS",85,1
78692,"PASSAY (DE)",72,1
78693,"PASSAY (DE)",72,1
82584,"PATIS (hameau)",78,1
82585,"PATIS (hameau)",78,1
65134,PAVE,55,1
65135,PAVE,55,1
72395,PAVIN,63,1
72396,PAVIN,63,1
54281,"PEAGE (hameau le)",38,1
54280,"PEAGE (hameau le)",38,1
70279,"PELRAT (DE)",61,1
70280,"PELRAT (DE)",61,1
107132,PEPPANGE,LU,11
442437,PEPPANGE,LU,11
47312,PERELLE,27,1
47311,PERELLE,27,1
55603,PERQUIE,40,1
55604,PERQUIE,40,1
60593,PERRAY,49,1
60592,PERRAY,49,1
76125,PERRET,69,1
76126,PERRET,69,1
76127,"PERRET ",69,1
53431,PERREUX,37,1
53430,PERREUX,37,1
60595,PERRIERE,49,1
60594,PERRIERE,49,1
70282,PERRIGNES,61,1
70283,PERRIGNES,61,1
54290,"PERRON (hameau)",38,1
54289,"PERRON (hameau)",38,1
43679,"PERROS HAMON (hameau)",22,1
43678,"PERROS HAMON (hameau)",22,1
78706,PERSEIGNE,72,1
98066,PERSEIGNE,72,1
87881,"PERTHUIS (LE)",89,1
87882,"PERTHUIS (LE)",89,1
87883,"PERTHUIS (LE)",89,1
91014,PERUWELZ,BE,4
107884,PERUWELZ,BE,4
87885,PESSELIERES,89,1
87886,PESSELIERES,89,1
79327,"PETIT COEUR",73,1
79328,"PETIT COEUR",73,1
70288,"PETIT JARD",61,1
70289,"PETIT JARD",61,1
79330,"PETIT SAINT BERNARD",73,1
79331,"PETIT SAINT BERNARD",73,1
32177,"PETITE COMMUNE (LA)",08,1
32176,"PETITE COMMUNE (LA)",08,1
41667,PEUCH,19,1
442419,PEUCH,19,1
440793,PHILIPPEVILLE,BE,4
91020,PHILIPPEVILLE,BE,4
94355,PIACENZA,IT,10
100170,PIACENZA,IT,10
42163,PIEDIGRIGGIO,2B,1
42162,PIEDIGRIGGIO,2B,1
64333,PIEDMONT,54,1
64334,PIEDMONT,54,1
47323,PIENCOURT,27,1
441850,PIENCOURT,27,1
64335,PIENNES,54,1
64336,PIENNES,54,1
64337,PIENNES,54,1
60603,"PIERRE BESCHERELLE",49,1
60602,"PIERRE BESCHERELLE",49,1
60601,"PIERRE BESCHERELLE",49,1
41672,PIERREFITTE,19,1
41673,PIERREFITTE,19,1
69248,"PIERREFONDS (hameau de)",60,1
69249,"PIERREFONDS (hameau de)",60,1
64340,"PIERREFORT (DE)",54,1
64341,"PIERREFORT (DE)",54,1
63073,"PIERREMONT SUR AMANCE",52,1
441833,"PIERREMONT SUR AMANCE",52,1
39067,PIERREPONT,14,1
39066,PIERREPONT,14,1
51200,"PIERRIERE (DE LA)",33,1
51199,"PIERRIERE (DE LA)",33,1
55190,"PIN (DU)",39,1
55189,"PIN (DU)",39,1
54307,"PINET (DE)",38,1
54306,"PINET (DE)",38,1
47327,PINTERVILLE,27,1
47326,PINTERVILLE,27,1
34074,PISSELOUP,02,1
34073,PISSELOUP,02,1
51204,PISSOT,33,1
51203,PISSOT,33,1
59920,PLANCHAMP,48,1
59919,PLANCHAMP,48,1
52357,"PLANCHE (DE LA)",35,1
52356,"PLANCHE (DE LA)",35,1
88643,"PLANCHE (DE LA)",91,1
88644,"PLANCHE (DE LA)",91,1
39074,PLANCHES,14,1
39073,PLANCHES,14,1
52858,PLANCHES,36,1
52857,PLANCHES,36,1
63078,PLANCHES,52,1
63079,PLANCHES,52,1
70300,PLANCHES,61,1
70301,PLANCHES,61,1
96533,"PLANTES ->",THE,86
96534,"PLANTES ->",THE,86
52366,PLESSIS,35,1
52365,PLESSIS,35,1
52364,PLESSIS,35,1
52363,PLESSIS,35,1
53445,PLESSIS,37,1
53444,PLESSIS,37,1
53443,PLESSIS,37,1
53442,PLESSIS,37,1
57818,PLESSIS,44,1
57819,PLESSIS,44,1
60622,PLESSIS,49,1
60621,PLESSIS,49,1
60620,PLESSIS,49,1
60619,PLESSIS,49,1
60618,PLESSIS,49,1
70306,PLESSIS,61,1
70307,PLESSIS,61,1
34876,"PLESSIS (DU)",03,1
34875,"PLESSIS (DU)",03,1
81768,"PLESSIS (DU)",77,1
81769,"PLESSIS (DU)",77,1
60629,"PLESSIS VILLOUTREYS",49,1
60628,"PLESSIS VILLOUTREYS",49,1
48742,"PLOARE (hameau)",29,1
48741,"PLOARE (hameau)",29,1
43723,"PLOUAGAT ",22,1
43722,PLOUAGAT,22,1
43737,PLOUGRAS,22,1
43734,PLOUGRAS,22,1
81776,"PLUMASSERIE (DE LA)",77,1
81777,"PLUMASSERIE (DE LA)",77,1
81778,"PLUMASSERIE (DE LA)",77,1
35501,"POET (LE)",05,1
35500,"POET (LE)",05,1
44367,"POIRIER (DU)",23,1
44366,"POIRIER (DU)",23,1
91028,POIX,BE,4
443153,POIX,BE,4
40728,"POLEON (DE)",17,1
40727,"POLEON (DE)",17,1
97065,POLLENCA,ES,6
97067,POLLENçA,ES,6
97066,Pollença,ES,6
54321,"POMARAY (hameau)",38,1
54320,"POMARAY (hameau)",38,1
87908,"POMMERAIE (LA)",89,1
87909,"POMMERAIE (LA)",89,1
47344,POMMERAYE,27,1
47343,POMMERAYE,27,1
47342,POMMERAYE,27,1
62306,POMMERY,51,1
62305,POMMERY,51,1
81785,POMPONNE,77,1
90041,POMPONNE,77,1
78727,"PONT (DU)",72,1
78728,"PONT (DU)",72,1
78729,"PONT (DU)",72,1
85854,"PONT (DU)",86,1
85855,"PONT (DU)",86,1
61406,"PONT (hameau du)",50,1
61405,"PONT (hameau du)",50,1
443549,"PONT DE LA CAILLE",74,1
443550,"PONT DE LA CAILLE",74,1
79347,"PONT DU DIABLE",73,1
79348,"PONT DU DIABLE",73,1
69271,"PONT SAINTE MAXANCE (hameau)",60,1
69272,"PONT SAINTE MAXANCE (hameau)",60,1
98714,"PONTA DELGADA",PT,60
98736,"PONTA DELGADA",PT,60
48185,"PONTAULT (DE)",28,1
48184,"PONTAULT (DE)",28,1
39095,PONTÉCOULANT,14,1
39094,PONTECOULANT,14,1
81792,PONTHIERRY,77,1
81793,PONTHIERRY,77,1
43780,"PONTO (hameau)",22,1
43779,"PONTO (hameau)",22,1
106151,"PONTS SUR SEULLES",14,1
106152,"PONTS SUR SEULLES",14,1
106153,"PONTS SUR SEULLES",14,1
43786,"PORS EVEN (hameau)",22,1
43785,"PORS EVEN (hameau)",22,1
41680,"PORT DIEU",19,1
91363,"PORT DIEU",19,1
32923,"PORTES (DE)",01,1
32922,"PORTES (DE)",01,1
32921,"PORTES (DE)",01,1
32920,"PORTES (DE)",01,1
70320,POUPELIERE,61,1
70321,POUPELIERE,61,1
74746,POUTAY,67,1
74747,POUTAY,67,1
70326,POUVRAY,61,1
70327,POUVRAY,61,1
100225,PRA,IT,10
156806,PRA,IT,10
442760,PRA,IT,10
76172,PRAMENOUX,69,1
76173,PRAMENOUX,69,1
76174,PRAMENOUX,69,1
77033,PRANTIGNY,70,1
77034,PRANTIGNY,70,1
67537,PRÃÂE,58,1
67538,PRÃÂE,58,1
52867,PREAUX,36,1
52868,PREAUX,36,1
34099,PRÉMONT,02,1
34098,PREMONT,02,1
102170,PRESTON,GB,41
102908,PRESTON,GB,41
39112,PRETREVILLE,14,1
39111,PRETREVILLE,14,1
57844,PRINCE,44,1
57843,PRINCE,44,1
86944,"PRUINES ",88,1
86945,"PRUINES ",88,1
87929,PRUNOY,89,1
87930,PRUNOY,89,1
103929,PURNON,86,1
442401,PURNON,86,1
52874,PUY,36,1
52873,PUY,36,1
84676,PUYLAROQUE,82,1
91348,PUYLAROQUE,82,1
101077,PUYMAURENS,09,1
442897,PUYMAURENS,09,1
80783,PUYS,76,1
100811,PUYS,76,1
91044,QUAREGNON,BE,4
107904,QUAREGNON,BE,4
79362,QUEIGE,73,1
79363,QUEIGE,73,1
77044,QUERS,70,1
77045,QUERS,70,1
72463,QUEUREILLS,63,1
72464,QUEUREILLS,63,1
59932,QUEZAC,48,1
59931,QUEZAC,48,1
76186,QUINCIEUX,69,1
76187,QUINCIEUX,69,1
61425,QUINEVILLE,50,1
442293,QUINEVILLE,50,1
66645,RABAS,57,1
66646,RABAS,57,1
87939,"RAGNY (DE)",89,1
87940,"RAGNY (DE)",89,1
87941,"RAGNY (DE)",89,1
71502,RAMECOURT,62,1
71503,RAMECOURT,62,1
36731,RANCES,10,1
36732,RANCES,10,1
79366,RANDENS,73,1
79367,RANDENS,73,1
65164,RANGÃÂVAL,55,1
65165,RANGÃÂVAL,55,1
81818,"RANTILLY (DE)",77,1
81819,"RANTILLY (DE)",77,1
40232,"RAVAILLAC (DE)",16,1
40231,"RAVAILLAC (DE)",16,1
72467,RAVEL,63,1
72468,RAVEL,63,1
72469,RAVEL,63,1
72470,RAVEL,63,1
51812,"REALS (hameau)",34,1
51811,"REALS (hameau)",34,1
37279,REBENTY,11,1
37278,REBENTY,11,1
56191,REBUTIERE,41,1
56190,REBUTIERE,41,1
45011,"REPAIRE (DU)",24,1
45010,"REPAIRE (DU)",24,1
70351,REPAS,61,1
70352,REPAS,61,1
70353,REPAS,61,1
70355,RESENLIEU,61,1
70356,RESENLIEU,61,1
79371,"REVARD (MONT)",73,1
79372,"REVARD (MONT)",73,1
439473,"REVARD (MONT)",73,1
439474,"REVARD (MONT)",73,1
63113,RIAUCOURT,52,1
63114,RIAUCOURT,52,1
60673,RIGAUDIERES,49,1
60672,RIGAUDIERES,49,1
98652,"RIO NEGRO",AR,21
102220,"RIO NEGRO",AR,21
72482,RIOLS,63,1
72483,RIOLS,63,1
39141,"RIVA BELLA (hameau)",14,1
39140,"RIVA BELLA (hameau)",14,1
53493,RIVIERE,37,1
53492,RIVIERE,37,1
53496,ROCHE,37,1
53495,ROCHE,37,1
59606,ROCHE,47,1
59605,ROCHE,47,1
60677,ROCHE,49,1
60676,ROCHE,49,1
60675,ROCHE,49,1
76211,ROCHE,69,1
76212,ROCHE,69,1
76213,ROCHE,69,1
76214,ROCHE,69,1
56760,"ROCHE (DE LA)",42,1
56759,"ROCHE (DE LA)",42,1
56758,"ROCHE (DE LA)",42,1
56757,"ROCHE (DE LA)",42,1
63631,"ROCHE (DE LA)",53,1
63632,"ROCHE (DE LA)",53,1
63633,"ROCHE (DE LA)",53,1
63634,"ROCHE (DE LA)",53,1
63635,"ROCHE (DE LA)",53,1
78757,"ROCHE (DE LA)",72,1
78758,"ROCHE (DE LA)",72,1
78759,"ROCHE (DE LA)",72,1
76219,ROCHEFORT,69,1
76220,ROCHEFORT,69,1
87966,"ROCHEFORT (DE)",89,1
87967,"ROCHEFORT (DE)",89,1
443289,ROCHEPINARD,37,1
443318,"ROCHEPINARD ",37,1
72497,ROCHER,63,1
72498,ROCHER,63,1
56205,ROCHES,41,1
56204,ROCHES,41,1
76221,ROCHES,69,1
76222,ROCHES,69,1
63639,"ROCHES (DES)",53,1
63640,"ROCHES (DES)",53,1
81829,"ROCHES (DES)",77,1
81830,"ROCHES (DES)",77,1
85885,"ROCHES (DES)",86,1
85886,"ROCHES (DES)",86,1
80814,"ROCHES (hameau des)",76,1
80815,"ROCHES (hameau des)",76,1
72501,ROCHETTE,63,1
72502,ROCHETTE,63,1
72503,ROCHETTE,63,1
54392,"ROCHETTE (DE LA)",38,1
54391,"ROCHETTE (DE LA)",38,1
79890,"ROCHETTE (DE LA)",74,1
79891,"ROCHETTE (DE LA)",74,1
88668,"ROCHOPT (DE)",91,1
88669,"ROCHOPT (DE)",91,1
72504,"ROGNON (TOUR DE)",63,1
72505,"ROGNON (TOUR DE)",63,1
96943,ROGUEDAS,56,1
440856,ROGUEDAS,56,1
60696,"ROI RENE",49,1
60695,"ROI RENE",49,1
82658,"ROLLEBOISE (hameau)",78,1
82659,"ROLLEBOISE (hameau)",78,1
106985,ROLLENG,LU,11
107191,ROLLENG,LU,11
107192,ROLLENG,LU,11
58674,ROLLINVILLE,45,1
58166,ROLLINVILLE,45,1
58677,"RONCE (DE LA)",45,1
58676,"RONCE (DE LA)",45,1
63130,RONGEANT,52,1
63131,RONGEANT,52,1
63642,"RONGERE (DE LA)",53,1
63643,"RONGERE (DE LA)",53,1
104475,RONSE,BE,4
100076,RONSE,BE,4
76231,RONZIERE,69,1
76232,RONZIERE,69,1
51267,"ROQUETAILLADE (DE)",33,1
51266,"ROQUETAILLADE (DE)",33,1
35538,ROSANS,05,1
442074,ROSANS,05,1
67571,ROSEMONT,58,1
67572,ROSEMONT,58,1
95416,"ROTTENBURG AM NECKAR",DE,2
104137,"ROTTENBURG AM NECKAR",DE,2
45027,"ROUFFIAC (DE)",24,1
45026,"ROUFFIAC (DE)",24,1
81839,ROUGE,77,1
81840,ROUGE,77,1
81841,ROUGE,77,1
70382,"ROUGES TERRES (HARAS)",61,1
70383,"ROUGES TERRES (HARAS)",61,1
85891,"ROUHET (DE)",86,1
85892,"ROUHET (DE)",86,1
89868,ROUIBA,DZ,77
100766,ROUïBA,DZ,77
50515,ROUILLAC,32,1
442105,ROUILLAC,32,1
47414,ROUVILLE,27,1
47413,ROUVILLE,27,1
62363,ROZAIS,51,1
62362,ROZAIS,51,1
48886,"RUSTEPHAN ",29,1
48885,RUSTEPHAN,29,1
102949,RYDE,GB,41
103398,RYDE,GB,41
63142,SABINUS,52,1
63143,SABINUS,52,1
34181,"SABLONNIERE (LA)",02,1
34180,"SABLONNIERE (LA)",02,1
89871,SAIDA,DZ,77
100765,SAïDA,DZ,77
74179,"SAILLAGOUSE (hameau)",66,1
74180,"SAILLAGOUSE (hameau)",66,1
72520,"SAINT AGOULIN",63,1
72521,"SAINT AGOULIN",63,1
58690,"SAINT AIGNAN",45,1
58689,"SAINT AIGNAN",45,1
66710,"SAINT AIGNAN",57,1
97044,"SAINT AIGNAN",57,1
32241,"SAINT ALBERT",08,1
31939,"SAINT ALBERT",08,1
76249,"SAINT ANDRE",69,1
76250,"SAINT ANDRÉ",69,1
79394,"SAINT ANDRE",73,1
79395,"SAINT ANDRÉ",73,1
84400,"SAINT ANDRE",81,1
84401,"SAINT ANDRE",81,1
84402,"SAINT ANDRE",81,1
39181,"SAINT ANNE ",14,1
39180,"SAINT ANNE",14,1
39179,"SAINT ANNE",14,1
39178,"SAINT ANNE",14,1
65214,"SAINT ANNE",55,1
65215,"SAINT ANNE",55,1
75396,"SAINT ANNE",68,1
75397,"SAINT ANNE",68,1
77084,"SAINT ANTOINE",70,1
77085,"SAINT ANTOINE",70,1
63651,"SAINT AUBERT",53,1
63652,"SAINT AUBERT",53,1
63147,"SAINT AUBIN",52,1
63148,"SAINT AUBIN",52,1
70424,"SAINT AUBIN D'APPENAI",61,1
442078,"SAINT AUBIN D'APPENAI",61,1
77087,"SAINT BARTHELEMY",70,1
77088,"SAINT BARTHELEMY",70,1
36768,"SAINT BERNARD",10,1
36767,"SAINT BERNARD",10,1
35810,"SAINT BLAISE",06,1
35809,"SAINT BLAISE",06,1
442785,"SAINT BONNET",05,1
35548,"SAINT BONNET",05,1
76255,"SAINT BONNET",69,1
76256,"SAINT BONNET",69,1
48231,"SAINT CHERON",28,1
439447,"SAINT CHERON",28,1
39195,"SAINT CLAIR",14,1
39194,"SAINT CLAIR",14,1
39193,"SAINT CLAIR",14,1
76261,"SAINT CLAIR",69,1
76262,"SAINT CLAIR",69,1
80867,"SAINT DENIS",76,1
80868,"SAINT DENIS",76,1
82678,"SAINT DENIS (carriere)",78,1
82679,"SAINT DENIS (carriere)",78,1
58701,"SAINT DENIS JARGEAU",45,1
58700,"SAINT DENIS JARGEAU",45,1
32986,"SAINT DIDIER",01,1
32985,"SAINT DIDIER",01,1
442062,"SAINT DIDIER",01,1
48898,"SAINT ELOY",29,1
100854,"SAINT ELOY",29,1
71579,"SAINT ETIENNE AU MONT",62,1
71580,"SAINT ETIENNE AU MONT",62,1
89877,"SAINT EUGENE",DZ,77
441913,"SAINT EUGENE",DZ,77
48901,"SAINT FIACRE",29,1
48900,"SAINT FIACRE",29,1
65744,"SAINT FIACRE",56,1
65745,"SAINT FIACRE ",56,1
76277,"SAINT FONS",69,1
76278,"SAINT FONS",69,1
39212,"SAINT GEORGES",14,1
39211,"SAINT GEORGES",14,1
59628,"SAINT GEORGES",47,1
59627,"SAINT GEORGES",47,1
32998,"SAINT GERMAIN",01,1
32997,"SAINT GERMAIN",01,1
39216,"SAINT GERMAIN ",14,1
39215,"SAINT GERMAIN",14,1
39222,"SAINT GERMAIN DU CRIOULT",14,1
39221,"SAINT GERMAIN DU CRIOULT",14,1
53539,"SAINT GILLES (hameau)",37,1
53538,"SAINT GILLES (hameau)",37,1
48907,"SAINT HERBOT (hameau)",29,1
48906,"SAINT HERBOT (hameau)",29,1
47477,"SAINT HILAIRE",27,1
47476,"SAINT HILAIRE",27,1
35821,"SAINT HONORAT (ILE)",06,1
35820,"SAINT HONORAT (ILE)",06,1
82687,"SAINT HUBERT (hameau)",78,1
82688,"SAINT HUBERT (hameau)",78,1
79421,"SAINT HUGON (CHARTREUSE)",73,1
79422,"SAINT HUGON (CHARTREUSE)",73,1
53542,"SAINT JACQUES (faubourg)",37,1
53541,"SAINT JACQUES (faubourg)",37,1
34201,"SAINT JEAN ",02,1
34200,"SAINT JEAN",02,1
88693,"SAINT JEAN DE BEAUREGARD (DE)",91,1
88694,"SAINT JEAN DE BEAUREGARD (DE)",91,1
99865,"SAINT JEROME",CA,27
99876,"SAINT JEROME",CA,27
33010,"SAINT JOSEPH",01,1
33009,"SAINT JOSEPH",01,1
61512,"SAINT JOSEPH ",50,1
61511,"SAINT JOSEPH",50,1
37319,"SAINT JULIA DE BEC",11,1
439456,"SAINT JULIA DE BEC",11,1
78819,"SAINT JULIEN",72,1
78820,"SAINT JULIEN",72,1
80893,"SAINT JULIEN",76,1
80894,"SAINT JULIEN ",76,1
80895,"SAINT JULIEN ",76,1
91098,"SAINT LAMBERT",BE,4
107771,"SAINT LAMBERT",BE,4
59635,"SAINT LEGER",47,1
59634,"SAINT LEGER",47,1
67611,"SAINT LEGER DES VIGNES",58,1
67612,"SAINT LÉGER DES VIGNES",58,1
70479,"SAINT LÉGER SUR SARTHE",61,1
70480,"SAINT LEGER SUR SARTHE",61,1
58721,"SAINT LOUP",45,1
58720,"SAINT LOUP",45,1
58719,"SAINT LOUP",45,1
67613,"SAINT LOUP",58,1
67614,"SAINT LOUP",58,1
67615,"SAINT LOUP",58,1
43921,"SAINT MARC ",22,1
43920,"SAINT MARC",22,1
88019,"SAINT MARC",89,1
88020,"SAINT MARC",89,1
62394,"SAINT MARD LES ROUFFY",51,1
62393,"SAINT MARD LES ROUFFY",51,1
44438,"SAINT MARIEN",23,1
44437,"SAINT MARIEN",23,1
48921,"SAINT MARINE (hameau)",29,1
48920,"SAINT MARINE (hameau)",29,1
39260,"SAINT MARTIN",14,1
39261,"SAINT MARTIN",14,1
67617,"SAINT MARTIN",58,1
67618,"SAINT MARTIN",58,1
70485,"SAINT MARTIN",61,1
70486,"SAINT MARTIN",61,1
51870,"SAINT MARTIN DE LONDRES",34,1
100719,"SAINT MARTIN DE LONDRES",34,1
85915,"SAINT MARTIN LA RIVIERE",86,1
441907,"SAINT MARTIN LA RIVIERE",86,1
79918,"SAINT MARTIN SUR ARVE",74,1
79919,"SAINT MARTIN SUR ARVE",74,1
48928,"SAINT MAURICE (hameau)",29,1
48927,"SAINT MAURICE (hameau)",29,1
83971,"SAINT MAXENT",80,1
442118,"SAINT MAXENT",80,1
62403,"SAINT MEMMIE",51,1
62402,"SAINT MEMMIE",51,1
43930,"SAINT MICHEL ",22,1
43929,"SAINT MICHEL",22,1
43928,"SAINT MICHEL",22,1
51875,"SAINT MICHEL",34,1
51874,"SAINT MICHEL",34,1
61538,"SAINT MICHEL ",50,1
61537,"SAINT MICHEL",50,1
61536,"SAINT MICHEL",50,1
73312,"SAINT MICHEL",64,1
73313,"SAINT MICHEL",64,1
48931,"SAINT MICHEL (hameau)",29,1
48930,"SAINT MICHEL (hameau)",29,1
48934,"SAINT NICOLAS",29,1
48933,"SAINT NICOLAS",29,1
65228,"SAINT NICOLAS",55,1
65229,"SAINT NICOLAS",55,1
53555,"SAINT OUEN",37,1
53554,"SAINT OUEN",37,1
47505,"SAINT OUEN DE THOUBERVILLE",27,1
442302,"SAINT OUEN DE THOUBERVILLE",27,1
79450,"SAINT OYEN",73,1
79451,"SAINT OYEN",73,1
39283,"SAINT PAIR",14,1
39282,"SAINT PAIR",14,1
82707,"SAINT PAUL",78,1
82708,"SAINT PAUL ",78,1
36802,"SAINT PHAL",10,1
36801,"SAINT PHAL",10,1
64427,"SAINT PIERRE",54,1
64428,"SAINT PIERRE",54,1
71608,"SAINT PIERRE",62,1
71609,"SAINT PIERRE",62,1
71610,"SAINT PIERRE",62,1
45150,"SAINT PIERRE DE FRUGIE",24,1
45149,"SAINT PIERRE DE FRUGIE",24,1
80938,"SAINT PIERRE LE VIEUX",76,1
80940,"SAINT PIERRE LE VIEUX",76,1
35263,"SAINT PONS",04,1
35262,"SAINT PONS",04,1
82709,"SAINT QUENTIN (ÃÂ©tang)",78,1
82710,"SAINT QUENTIN (ÃÂ©tang)",78,1
84910,"SAINT RAPHAEL",83,1
441170,"SAINT RAPHAEL",83,1
62411,"SAINT REMY",51,1
62410,"SAINT REMY",51,1
83975,"SAINT RIQUIER",80,1
83976,"SAINT RIQUIER ",80,1
62417,"SAINT ROCH",51,1
62416,"SAINT ROCH",51,1
87054,"SAINT ROMARY ",88,1
107954,"SAINT ROMARY",88,1
50051,"SAINT ROME",31,1
50050,"SAINT ROME",31,1
58743,"SAINT SAMSON",45,1
58742,"SAINT SAMSON",45,1
82716,"SAINT SANETIN (hameau)",78,1
82717,"SAINT SANETIN (hameau)",78,1
49387,"SAINT SAUVEUR ",30,1
49386,"SAINT SAUVEUR",30,1
71614,"SAINT SAUVEUR",62,1
71615,"SAINT SAUVEUR",62,1
88040,"SAINT SAVINIEN",89,1
88041,"SAINT SAVINIEN",89,1
435389,"SAINT SEBASTIEN",ES,6
442830,"SAINT SEBASTIEN",ES,6
51381,"SAINT SEVE",33,1
51380,"SAINT SEVE",33,1
79466,"SAINT SIGISMOND",73,1
100914,"SAINT SIGISMOND",73,1
39308,"SAINT SIMÉON",14,1
39307,"SAINT SIMEON",14,1
76333,"SAINT SORLIN",69,1
76334,"SAINT SORLIN",69,1
53569,"SAINT SYMPHORIEN (hameau)",37,1
53568,"SAINT SYMPHORIEN (hameau)",37,1
63165,"SAINT THIEBAULT",52,1
63166,"SAINT THIEBAULT",52,1
62422,"SAINT THIERRY",51,1
62421,"SAINT THIERRY",51,1
36812,"SAINT VICTOR (DE)",10,1
36811,"SAINT VICTOR (DE)",10,1
56877,"SAINT VINCENT (DE)",42,1
56876,"SAINT VINCENT (DE)",42,1
45171,"SAINT VINCENT DE COSSE",24,1
45170,"SAINT VINCENT DE COSSE",24,1
91352,"SAINTE BAUME",83,1
91353,"SAINTE BAUME",83,1
60786,"SAINTE CATHERINE",49,1
96642,"SAINTE CATHERINE",49,1
64438,"SAINTE CATHERINE",54,1
64437,"SAINTE CATHERINE",54,1
64439,"SAINTE CATHERINE",54,1
80968,"SAINTE CATHERINE",76,1
80969,"SAINTE CATHERINE ",76,1
80972,"SAINTE CROIX (DE)",76,1
80973,"SAINTE CROIX (DE)",76,1
60788,"SAINTE GEMMES D'ANDIGNE",49,1
60726,"SAINTE GEMMES D'ANDIGNE",49,1
80906,"SAINTE MARGUERITE",76,1
80980,"SAINTE MARGUERITE",76,1
35848,"SAINTE MARGUERITE (ILE)",06,1
35847,"SAINTE MARGUERITE (ILE)",06,1
64441,"SAINTE MARIE",54,1
96620,"SAINTE MARIE",54,1
71622,"SAINTE MARIE (ILE)",62,1
71623,"SAINTE MARIE (ILE)",62,1
75411,"SAINTE MARIE AUX MINES",68,1
440611,"SAINTE MARIE AUX MINES",68,1
83153,"SAINTE PEZENNE",79,1
91323,"SAINTE PEZENNE",79,1
47557,"SAINTE SUZANNE",27,1
47533,"SAINTE SUZANNE",27,1
443396,"SAINTES (LES)",971,1
443398,"SAINTES (LES)",971,1
66747,"SALETTE (LA)",57,1
66748,"SALETTE (LA)",57,1
106168,SALEVE,74,1
106170,SALEVE,74,1
440564,SALIERS,13,1
440565,SALIERS,13,1
34972,"SALLE (DE LA)",03,1
34971,"SALLE (DE LA)",03,1
56886,"SALLE (DE LA)",42,1
56885,"SALLE (DE LA)",42,1
99573,SAMPEYRE,IT,10
100165,SAMPEYRE,IT,10
46484,"SAMSON (hameau)",26,1
46483,"SAMSON (hameau)",26,1
99575,"SAN BARTOLOMEO",IT,10
100240,"SAN BARTOLOMEO",IT,10
99581,"SAN GIOVANNI",IT,10
99583,"SAN GIOVANNI",IT,10
95808,"SAN LORENZO",AR,21
95847,"SAN LORENZO",AR,21
98735,"SAN MIGUEL",PT,60
98737,"SAN MIGUEL",PT,60
64448,SANCY,54,1
64449,SANCY,54,1
92745,"SANTIAGO DE COMPOSTELA",ES,6
119158,"SANTIAGO DE COMPOSTELA",ES,6
440792,"SAO PEDRO DA AFURADA",PT,60
98691,"SAO PEDRO DA AFURADA",PT,60
39333,SARLABOT,14,1
39332,SARLABOT,14,1
76358,SATHONAY,69,1
76359,SATHONAY,69,1
60799,SAULAIE,49,1
60798,SAULAIE,49,1
56283,SAULDRE,41,1
56282,SAULDRE,41,1
67647,SAULIERES,58,1
67648,SAULIERES,58,1
88062,"SAUSSOIS (LE)",89,1
88063,"SAUSSOIS (LE)",89,1
443046,SAUVENIERE,BE,4
443055,SAUVENIERE,BE,4
72651,SAUVIAT,63,1
72652,SAUVIAT,63,1
91119,SAVENTHEM,BE,4
107839,SAVENTHEM,BE,4
85936,"SAVIGNY SOUS FAYE",86,1
85937,"SAVIGNY SOUS FAYE ",86,1
74824,SCHERHOL,67,1
74825,SCHERHOL,67,1
103790,SCHLADMING,AT,3
103791,SCHLADMING,AT,3
74836,SCHLETTSTADT,67,1
90180,SCHLETTSTADT,67,1
100892,"SCHLUCHT (col de la)",88,1
100891,"SCHLUCHT (col de la)",88,1
100080,SCHWANENSTADT,AT,3
103807,SCHWANENSTADT,AT,3
60807,"SEGRE EN ANJOU",49,1
440512,"SEGRE EN ANJOU",49,1
88713,"SEGREZ (DE)",91,1
88714,"SEGREZ (DE)",91,1
88715,"SEGREZ (DE)",91,1
94425,SEMPIONE,IT,10
100144,SEMPIONE,IT,10
100176,SEMPIONE,IT,10
100235,SEMPIONE,IT,10
59688,SENDAT,47,1
59687,SENDAT,47,1
32288,SENUC,08,1
32287,SENUC,08,1
82740,"SEPTEUIL (hameau)",78,1
82741,"SEPTEUIL (hameau)",78,1
56297,SERIGNY,41,1
56296,SERIGNY,41,1
117286,SEROS,ES,6
117287,SEROS,ES,6
92968,SETUBAL,PT,60
122087,SETúBAL,PT,60
84926,"SEYNE SUR MER (LA)",83,1
441168,"SEYNE SUR MER (LA)",83,1
99271,SHANKLIN,GB,41
102989,SHANKLIN,GB,41
375974,"SI MAHDJOUB",DZ,77
443177,"SI MAHDJOUB",DZ,77
84457,SIDOBRE,81,1
91342,SIDOBRE,81,1
81008,"SIMPLOM (manoir du)",76,1
81009,"SIMPLOM (manoir du)",76,1
104490,"SINT LAUREINS",BE,4
442676,"SINT LAUREINS",BE,4
85533,"SION SUR L'OCEAN",85,1
440481,"SION SUR L'OCEAN",85,1
56301,SISTIERE,41,1
56300,SISTIERE,41,1
78876,SOLESMES,72,1
439468,SOLESMES,72,1
91139,SOMBREFFE,BE,4
102469,SOMBREFFE,BE,4
63191,SOMMERMONT,52,1
63192,SOMMERMONT,52,1
83999,SOREL,80,1
441836,SOREL,80,1
91142,SOTTEGEM,BE,4
107843,SOTTEGEM,BE,4
34986,"SOUCHE (DE LA)",03,1
34985,"SOUCHE (DE LA)",03,1
82747,SOURCES,78,1
82748,SOURCES,78,1
78883,"SOURCHES (DE)",72,1
78884,"SOURCHES (DE)",72,1
56903,"SOURCIEUX (DE)",42,1
56902,"SOURCIEUX (DE)",42,1
43964,"SOUZIN (DE)",22,1
43963,"SOUZIN (DE)",22,1
76385,SOUZY,69,1
76386,SOUZY,69,1
66800,SPARSBROD,57,1
66801,SPARSBROD,57,1
66802,SPARSBROD,57,1
96509,"SPORT ->",THE,86
96489,"SPORT ->",THE,86
96505,"SPORT ->",THE,86
96510,"SPORT ->",THE,86
96511,"SPORT ->",THE,86
96525,"SPORT ->",THE,86
96526,"SPORT ->",THE,86
96527,"SPORT ->",THE,86
96545,"SPORT ->",THE,86
74870,STAMBACH,67,1
74871,STAMBACH,67,1
48974,STANGALA,29,1
442063,STANGALA,29,1
100084,STAPHORST,NL,13
107633,STAPHORST,NL,13
74877,STEINTAL,67,1
74878,STEINTAL,67,1
204786,STUDENICANI,MK,168
401557,STUDENICANI,MK,168
65805,"SUCCINIO (DE)",56,1
65806,"SUCCINIO (DE)",56,1
33076,SYLANS,01,1
101016,SYLANS,01,1
443022,TABARIERE,85,1
443039,TABARIERE,85,1
93815,TAFERS,CH,16
105983,TAFERS,CH,16
65276,TAILLANCOURT,55,1
65277,TAILLANCOURT,55,1
51445,TALENCE,33,1
440605,TALENCE,33,1
78108,TALLANT,71,1
78109,TALLANT,71,1
62480,TARNAUDS,51,1
62479,TARNAUDS,51,1
62478,TARNAUDS,51,1
48982,"TAUREAU ",29,1
48981,TAUREAU,29,1
48980,TAUREAU,29,1
51452,TAUSSAT,33,1
51451,TAUSSAT,33,1
95799,TAUSSAT,33,1
42314,"TAVIGNANO ",2B,1
103440,TAVIGNANO,2B,1
51455,TAYAC,33,1
51454,TAYAC,33,1
34299,TERGNIER,02,1
34298,TERGNIER,02,1
44500,TERRADE,23,1
44499,TERRADE,23,1
76399,TERREAUX,69,1
76400,TERREAUX,69,1
51460,TERREFORT,33,1
51459,TERREFORT,33,1
70556,TERTRE,61,1
70557,TERTRE,61,1
70558,TERTRE,61,1
56317,"TERTRE (hameau)",41,1
56316,"TERTRE (hameau)",41,1
56315,"TERTRE (hameau)",41,1
68418,TETEGHEM,59,1
441853,TETEGHEM,59,1
84473,THORE,81,1
98076,THORE,81,1
47593,THUIT,27,1
47594,THUIT,27,1
58796,THURELLES,45,1
58795,THURELLES,45,1
58794,THURELLES,45,1
81961,"TILLEULS (DES)",77,1
81962,"TILLEULS (DES)",77,1
34310,"TOMBE REGNIER",02,1
34309,"TOMBE REGNIER",02,1
57393,TORSIAC,43,1
57392,TORSIAC,43,1
53605,TORTINIERE,37,1
53604,TORTINIERE,37,1
53608,TOUCHE,37,1
53607,TOUCHE,37,1
53606,TOUCHE,37,1
56326,TOUCHE,41,1
56325,TOUCHE,41,1
57972,TOUCHE,44,1
57971,TOUCHE,44,1
78909,"TOUCHES (DES)",72,1
78910,"TOUCHES (DES)",72,1
33092,TOULONGEON,01,1
102392,TOULONGEON,01,1
101001,"TOULONGEON ",01,1
57396,TOUR,43,1
57395,TOUR,43,1
33097,"TOUR (DE LA)",01,1
33096,"TOUR (DE LA)",01,1
33095,"TOUR (DE LA)",01,1
33094,"TOUR (DE LA)",01,1
33093,"TOUR (DE LA)",01,1
78129,"TOUR (DE LA)",71,1
78130,"TOUR (DE LA)",71,1
81966,"TOUR (DE LA)",77,1
81967,"TOUR (DE LA)",77,1
82767,TOURELLES,78,1
82768,TOURELLES,78,1
48317,"TOURELLES (DES)",28,1
48316,"TOURELLES (DES)",28,1
78912,"TOURELLES (DES)",72,1
78913,"TOURELLES (DES)",72,1
81044,"TOURELLES (DES)",76,1
81045,"TOURELLES (DES)",76,1
81968,"TOURELLES (DES)",77,1
81969,"TOURELLES (DES)",77,1
89336,"TOURELLES (DES)",95,1
89337,"TOURELLES (DES)",95,1
89338,"TOURELLES (DES)",95,1
34316,"TOURELLES (LES)",02,1
34315,"TOURELLES (LES)",02,1
34314,"TOURELLES (LES)",02,1
88736,"TOURELLES (LES)",91,1
88737,"TOURELLES (LES)",91,1
73901,TOURMALET,65,1
97526,TOURMALET,65,1
47614,TOURNEBUT,27,1
47613,TOURNEBUT,27,1
60017,TOURNEL,48,1
60016,TOURNEL,48,1
43979,"TOURNEMINE (hameau)",22,1
43978,"TOURNEMINE (hameau)",22,1
440448,TOUSSUIRE,73,1
440458,TOUSSUIRE,73,1
58808,TOUVENT,45,1
58807,TOUVENT,45,1
56333,TRACY,41,1
56332,TRACY,41,1
42323,TRALONCA,2B,1
42322,TRALONCA,2B,1
93835,TRAVERS,CH,16
442997,TRAVERS,CH,16
65817,"TRECESSON (DE)",56,1
65818,"TRECESSON (DE)",56,1
75472,TREHHUTTE,68,1
75473,TREHHUTTE,68,1
47629,TREMBLAY,27,1
47628,TREMBLAY,27,1
47627,TREMBLAY,27,1
47626,TREMBLAY,27,1
67703,TREMBLAY,58,1
67704,TREMBLAY,58,1
67705,TREMBLAY,58,1
67706,TREMBLAY,58,1
70577,TREMBLAY,61,1
70578,TREMBLAY,61,1
204794,TRICESMI,MK,168
401558,TRICESMI,MK,168
94464,TRIESTE,IT,10
100148,TRIESTE,IT,10
54649,"TRIEVES (hameau le)",38,1
54648,"TRIEVES (hameau le)",38,1
62502,TRIGNY,51,1
62501,TRIGNY,51,1
96037,TRINIDAD,TT,68
98610,TRINIDAD,TT,68
82777,"TRINITE (hameau)",78,1
82778,"TRINITE (hameau)",78,1
82780,TROCHE,78,1
82781,TROCHE,78,1
63216,"TROIS FONTAINES",52,1
63217,"TROIS FONTAINES",52,1
32348,"TROIS FONTAINES (LES)",08,1
32347,"TROIS FONTAINES (LES)",08,1
73371,"TROIS VILLES",64,1
73372,"TROIS VILLES",64,1
54653,"TRONCHE (LA)",38,1
54652,"TRONCHE (LA)",38,1
100520,TROUAN,10,1
100519,TROUAN,10,1
81981,"TROUSSE (DE LA)",77,1
81982,"TROUSSE (DE LA)",77,1
74901,TRUTTENHAUSEN,67,1
74902,TRUTTENHAUSEN,67,1
91414,"TUAMOTOU (ILES)",987,1
91420,"TUAMOTOU (ILES)",987,1
51927,TURENNE,34,1
51926,TURENNE,34,1
72701,TYX,63,1
72702,TYX,63,1
103873,UNTERBERG,AT,3
103875,UNTERBERG,AT,3
72703,USSON,63,1
443077,USSON,63,1
47642,VACHERIE,27,1
47641,VACHERIE,27,1
47640,VACHERIE,27,1
85557,"VACHONNIERE (DE LA)",85,1
85558,"VACHONNIERE (DE LA)",85,1
52558,VAL,35,1
52557,VAL,35,1
61647,"VAL (DU)",50,1
61646,"VAL (DU)",50,1
55315,"VAL D'EPY",39,1
443168,"VAL D'EPY",39,1
443167,"VAL D'EPY",39,1
443169,"VAL D'EPY",39,1
439479,"VAL D'OINGT",69,1
439480,"VAL D'OINGT",69,1
439481,"VAL D'OINGT",69,1
443161,"VAL D'ORVIN",10,1
443162,"VAL D'ORVIN",10,1
66846,"VAL DE BRIDE",57,1
66847,"VAL DE BRIDE",57,1
63226,"VAL DE MEUSE",52,1
442277,"VAL DE MEUSE",52,1
442278,"VAL DE MEUSE",52,1
442276,"VAL DE MEUSE",52,1
442279,"VAL DE MEUSE",52,1
442280,"VAL DE MEUSE",52,1
63229,"VAL DES ECOLIERS",52,1
63230,"VAL DES ECOLIERS",52,1
70587,"VAL DIEU",61,1
70588,"VAL DIEU",61,1
72705,VALCIVIERES,63,1
72706,VALCIVIéRES,63,1
56933,"VALINCHES (DE)",42,1
56932,"VALINCHES (DE)",42,1
94478,"VALLE STURA",IT,10
99184,"VALLE STURA",IT,10
100169,"VALLE STURA",IT,10
99853,VALLEYFIELD,CA,27
103134,VALLEYFIELD,CA,27
96947,VALLIERES,17,1
96949,VALLIERES,17,1
37929,"VALLON ",12,1
37928,"VALLON ",12,1
97702,VALONA,AL,97
100918,VALONA,AL,97
63234,VALPELLE,52,1
63235,VALPELLE,52,1
51938,VALROS,34,1
91372,VALROS,34,1
97812,VALSERINE,01,1
101013,VALSERINE,01,1
100981,VALSERINE,01,1
76439,VALSONNIÃÂ©RE,69,1
76440,VALSONNIÃÂ©RE,69,1
76441,VARAX,69,1
76442,VARAX,69,1
48330,"VARENNEAU (DE)",28,1
48329,"VARENNEAU (DE)",28,1
63237,VARENNES,52,1
63238,VARENNES,52,1
77173,VARIGNEY,70,1
90176,VARIGNEY,70,1
72717,VATANGE,63,1
72718,VATANGE,63,1
67727,VAUBAN,58,1
67726,VAUBAN,58,1
82800,"VAUCOULEURS (hameau)",78,1
82801,"VAUCOULEURS (hameau)",78,1
55319,"VAUDIOUX (LE)",39,1
55324,"VAUDIOUX (LE)",39,1
88752,"VAUROUX (DE)",91,1
88753,"VAUROUX (DE)",91,1
53637,"VAUVERT (hameau)",37,1
53636,"VAUVERT (hameau)",37,1
39426,VAUVILLE,14,1
39425,VAUVILLE,14,1
39424,VAUVILLE,14,1
61660,VAUVILLE,50,1
442286,VAUVILLE,50,1
47660,VAUX,27,1
47659,VAUX,27,1
78937,"VAUX (DE)",72,1
78938,"VAUX (DE)",72,1
48334,"VAUX (DES)",28,1
48333,"VAUX (DES)",28,1
81995,"VAUX LE VICOMTE",77,1
81998,"VAUX LE VICOMTE",77,1
34363,VAUXROT,02,1
34362,VAUXROT,02,1
60880,VEAUX,49,1
60879,VEAUX,49,1
56347,VEILLENNE,41,1
56346,VEILLENNE,41,1
53641,VELOR,37,1
53642,VELOR,37,1
45914,VELOTTE,25,1
45915,VELOTTE,25,1
71715,VELU,62,1
71716,VELU,62,1
35887,VENANSON,06,1
35886,VENANSON,06,1
31703,"VENTADOUR (DE)",07,1
31702,"VENTADOUR (DE)",07,1
62539,VENTAUX,51,1
62540,VENTAUX,51,1
78940,"VERDELLE (DE)",72,1
78941,"VERDELLE (DE)",72,1
36263,VERDUN,09,1
36262,VERDUN,09,1
78171,"VERDUN SUR LE DOUBS",71,1
78172,"VERDUN SUR LE DOUBS",71,1
56351,VERGER,41,1
56350,VERGER,41,1
67734,VERGERS,58,1
67735,VERGERS,58,1
70606,VERGERS,61,1
70607,VERGERS,61,1
88182,VERGIGNY,89,1
88183,VERGIGNY,89,1
67737,VERNÃÂE,58,1
67738,VERNÃÂE,58,1
74255,"VERNET LES BAINS (hameau)",66,1
74256,"VERNET LES BAINS (hameau)",66,1
79530,VERNEY,73,1
79531,VERNEY,73,1
36888,VERRIERES,10,1
36887,VERRIERES,10,1
35607,"VEYER (LE)",05,1
35606,"VEYER (LE)",05,1
73916,"VIC BIGORRE (hameau)",65,1
73917,"VIC BIGORRE (hameau)",65,1
73921,"VIELLE AURE",65,1
73924,"VIELLE AURE",65,1
96484,"VIEUX METIERS ->",THE,86
96485,"VIEUX METIERS ->",THE,86
96486,"VIEUX METIERS ->",THE,86
96487,"VIEUX METIERS ->",THE,86
96544,"VIEUX METIERS ->",THE,86
96500,"VIEUX METIERS ->",THE,86
96502,"VIEUX METIERS ->",THE,86
96506,"VIEUX METIERS ->",THE,86
96507,"VIEUX METIERS ->",THE,86
443521,"VIGNON EN QUERCY",46,1
443536,"VIGNON EN QUERCY",46,1
60894,VIHIERS,49,1
442247,VIHIERS,49,1
117345,VILAMOS,ES,6
117346,VILAMOS,ES,6
57421,VILLARD,43,1
57420,VILLARD,43,1
79991,VILLARD,74,1
443139,VILLARD,74,1
79535,"VILLARD (LE)",73,1
442070,"VILLARD (LE)",73,1
79551,VILLARMAVIN,73,1
440751,VILLARMAVIN,73,1
79553,VILLAROGER,73,1
79554,VILLAROGER,73,1
62563,"VILLE AUX BOIS",51,1
62564,"VILLE AUX BOIS",51,1
56368,VILLEBOURGEON,41,1
56367,VILLEBOURGEON,41,1
56366,VILLEBOURGEON,41,1
67752,VILLECOURT,58,1
67753,VILLECOURT,58,1
56383,VILLELOUP,41,1
56382,VILLELOUP,41,1
88767,"VILLELOUVETTE (DE)",91,1
88768,"VILLELOUVETTE (DE)",91,1
41407,"VILLEMENARD (DE)",18,1
41406,"VILLEMENARD (DE)",18,1
67755,VILLEMOLIN,58,1
67756,VILLEMOLIN,58,1
56387,VILLENEUVE,41,1
56386,VILLENEUVE,41,1
60904,VILLENEUVE,49,1
60903,VILLENEUVE,49,1
70620,VILLERAY,61,1
70621,VILLERAY,61,1
36913,VILLERET,10,1
36912,VILLERET,10,1
66886,"VILLERS L'ORME",57,1
66887,"VILLERS L'ORME",57,1
91208,"VILLERS LA VILLE",BE,4
107862,"VILLERS LA VILLE",BE,4
76474,VILLETTE,69,1
76475,VILLETTE,69,1
39472,"VILLETTE (LA)",14,1
39471,"VILLETTE (LA)",14,1
56403,VILLIERS,41,1
56402,VILLIERS,41,1
58850,VILLIERS,45,1
442341,VILLIERS,45,1
58852,"VILLIERS (DE)",45,1
58851,"VILLIERS (DE)",45,1
55359,VINCENT,39,1
55358,VINCENT,39,1
111207,VINTIMILLE,IT,10
443225,VINTIMILLE,IT,10
34425,VIOLAINE,02,1
34424,VIOLAINE,02,1
32379,"VIREUX WALLERAND",08,1
32378,"VIREUX WALLERAND",08,1
33158,VIRIGNIN,01,1
440783,VIRIGNIN,01,1
91215,VIRTON,BE,4
107924,VIRTON,BE,4
63275,"VITRY LES NOGENT",52,1
63276,"VITRY LES NOGENT",52,1
53666,"VIVIER DES LANDES",37,1
53665,"VIVIER DES LANDES",37,1
82836,VOISIN,78,1
82837,VOISIN,78,1
103880,VOLKERMARKT,AT,3
103881,VOLKERMARKT,AT,3
70632,VOVE,61,1
70633,VOVE,61,1
32386,"VRIGNE AUX BOIS",08,1
32385,"VRIGNE AUX BOIS",08,1
74921,WACKENBACH,67,1
74922,WACKENBACH,67,1
66911,WALDECK,57,1
66912,WALDECK,57,1
377492,"WAREN (MURITZ) (MECKLEMBOURG POMERANIE OCCIDENTALE",DE,2
392550,"WAREN (MURITZ) (MECKLEMBOURG POMERANIE OCCIDENTALE",DE,2
75514,WESSERLING,68,1
75515,WESSERLING,68,1
107680,"WIJK BIJ DUURSTEDE",NL,13
107681,"WIJK BIJ DUURSTEDE",NL,13
95725,WURZBURG,DE,2
95732,WURZBURG,DE,2
44068,"YAUDET (hameau)",22,1
44067,"YAUDET (hameau)",22,1
97000,ZAGREB,HR,128
102271,ZAGREB,HR,128
107689,ZALTBOMMEL,NL,13
107690,ZALTBOMMEL,NL,13
95974,ZANDVOORT,NL,13
107691,ZANDVOORT,NL,13
104534,ZOERSEL,BE,4
107895,ZOERSEL,BE,4
107891,ZOERSEL,BE,4
